Domain Code,Domain,Area Code,Area,Element Code,Element,Item Code,Item,Year Code,Year,Unit,Value,Flag,Flag Description
QA,Live Animals,41,"China, mainland",5111,Stocks,1107,Asses,1961,1961,Head,7527000,,Official data
QA,Live Animals,41,"China, mainland",5111,Stocks,1107,Asses,1962,1962,Head,6565000,,Official data
QA,Live Animals,41,"China, mainland",5111,Stocks,1107,Asses,1963,1963,Head,6454000,,Official data
QA,Live Animals,41,"China, mainland",5111,Stocks,1107,Asses,1964,1964,Head,6746000,,Official data
QA,Live Animals,41,"China, mainland",5111,Stocks,1107,Asses,1965,1965,Head,7048000,,Official data
QA,Live Animals,41,"China, mainland",5111,Stocks,1107,Asses,1966,1966,Head,7438000,,Official data
QA,Live Animals,41,"China, mainland",5111,Stocks,1107,Asses,1967,1967,Head,7500000,F,FAO estimate
QA,Live Animals,41,"China, mainland",5111,Stocks,1107,Asses,1968,1968,Head,7700000,F,FAO estimate
QA,Live Animals,41,"China, mainland",5111,Stocks,1107,Asses,1969,1969,Head,7900000,F,FAO estimate
QA,Live Animals,41,"China, mainland",5111,Stocks,1107,Asses,1970,1970,Head,8000000,F,FAO estimate
QA,Live Animals,41,"China, mainland",5111,Stocks,1107,Asses,1971,1971,Head,8400000,,Official data
QA,Live Animals,41,"China, mainland",5111,Stocks,1107,Asses,1972,1972,Head,8513000,,Official data
QA,Live Animals,41,"China, mainland",5111,Stocks,1107,Asses,1973,1973,Head,8353000,,Official data
QA,Live Animals,41,"China, mainland",5111,Stocks,1107,Asses,1974,1974,Head,8350000,,Official data
QA,Live Animals,41,"China, mainland",5111,Stocks,1107,Asses,1975,1975,Head,8233000,,Official data
QA,Live Animals,41,"China, mainland",5111,Stocks,1107,Asses,1976,1976,Head,8127000,,Official data
QA,Live Animals,41,"China, mainland",5111,Stocks,1107,Asses,1977,1977,Head,7766000,,Official data
QA,Live Animals,41,"China, mainland",5111,Stocks,1107,Asses,1978,1978,Head,7630000,,Official data
QA,Live Animals,41,"China, mainland",5111,Stocks,1107,Asses,1979,1979,Head,7481000,,Official data
QA,Live Animals,41,"China, mainland",5111,Stocks,1107,Asses,1980,1980,Head,7473000,,Official data
QA,Live Animals,41,"China, mainland",5111,Stocks,1107,Asses,1981,1981,Head,7748000,,Official data
QA,Live Animals,41,"China, mainland",5111,Stocks,1107,Asses,1982,1982,Head,8415000,,Official data
QA,Live Animals,41,"China, mainland",5111,Stocks,1107,Asses,1983,1983,Head,8999000,,Official data
QA,Live Animals,41,"China, mainland",5111,Stocks,1107,Asses,1984,1984,Head,9449000,,Official data
QA,Live Animals,41,"China, mainland",5111,Stocks,1107,Asses,1985,1985,Head,9962000,,Official data
QA,Live Animals,41,"China, mainland",5111,Stocks,1107,Asses,1986,1986,Head,10415000,,Official data
QA,Live Animals,41,"China, mainland",5111,Stocks,1107,Asses,1987,1987,Head,10689000,,Official data
QA,Live Animals,41,"China, mainland",5111,Stocks,1107,Asses,1988,1988,Head,10846000,,Official data
QA,Live Animals,41,"China, mainland",5111,Stocks,1107,Asses,1989,1989,Head,11052000,,Official data
QA,Live Animals,41,"China, mainland",5111,Stocks,1107,Asses,1990,1990,Head,11136000,,Official data
QA,Live Animals,41,"China, mainland",5111,Stocks,1107,Asses,1991,1991,Head,11198000,,Official data
QA,Live Animals,41,"China, mainland",5111,Stocks,1107,Asses,1992,1992,Head,11158000,,Official data
QA,Live Animals,41,"China, mainland",5111,Stocks,1107,Asses,1993,1993,Head,10983000,,Official data
QA,Live Animals,41,"China, mainland",5111,Stocks,1107,Asses,1994,1994,Head,10891000,,Official data
QA,Live Animals,41,"China, mainland",5111,Stocks,1107,Asses,1995,1995,Head,10923000,,Official data
QA,Live Animals,41,"China, mainland",5111,Stocks,1107,Asses,1996,1996,Head,10745000,,Official data
QA,Live Animals,41,"China, mainland",5111,Stocks,1107,Asses,1997,1997,Head,9444000,,Official data
QA,Live Animals,41,"China, mainland",5111,Stocks,1107,Asses,1998,1998,Head,9528000,,Official data
QA,Live Animals,41,"China, mainland",5111,Stocks,1107,Asses,1999,1999,Head,9558000,,Official data
QA,Live Animals,41,"China, mainland",5111,Stocks,1107,Asses,2000,2000,Head,9348000,,Official data
QA,Live Animals,41,"China, mainland",5111,Stocks,1107,Asses,2001,2001,Head,9227000,,Official data
QA,Live Animals,41,"China, mainland",5111,Stocks,1107,Asses,2002,2002,Head,8815000,,Official data
QA,Live Animals,41,"China, mainland",5111,Stocks,1107,Asses,2003,2003,Head,8499000,,Official data
QA,Live Animals,41,"China, mainland",5111,Stocks,1107,Asses,2004,2004,Head,8207000,,Official data
QA,Live Animals,41,"China, mainland",5111,Stocks,1107,Asses,2005,2005,Head,7919100,,Official data
QA,Live Animals,41,"China, mainland",5111,Stocks,1107,Asses,2006,2006,Head,7772000,,Official data
QA,Live Animals,41,"China, mainland",5111,Stocks,1107,Asses,2007,2007,Head,7306000,,Official data
QA,Live Animals,41,"China, mainland",5111,Stocks,1107,Asses,2008,2008,Head,6891000,,Official data
QA,Live Animals,41,"China, mainland",5111,Stocks,1107,Asses,2009,2009,Head,6731000,,Official data
QA,Live Animals,41,"China, mainland",5111,Stocks,1107,Asses,2010,2010,Head,6484000,,Official data
QA,Live Animals,41,"China, mainland",5111,Stocks,1107,Asses,2011,2011,Head,6397000,,Official data
QA,Live Animals,41,"China, mainland",5111,Stocks,1107,Asses,2012,2012,Head,6478000,,Official data
QA,Live Animals,41,"China, mainland",5111,Stocks,1107,Asses,2013,2013,Head,6361500,,Official data
QA,Live Animals,41,"China, mainland",5111,Stocks,1107,Asses,2014,2014,Head,6033500,,Official data
QA,Live Animals,41,"China, mainland",5111,Stocks,1107,Asses,2015,2015,Head,5826100,,Official data
QA,Live Animals,41,"China, mainland",5111,Stocks,1107,Asses,2016,2016,Head,5421100,,Official data
QA,Live Animals,41,"China, mainland",5111,Stocks,1107,Asses,2017,2017,Head,4568500,,Official data
QA,Live Animals,41,"China, mainland",5114,Stocks,1181,Beehives,1961,1961,No,3200000,F,FAO estimate
QA,Live Animals,41,"China, mainland",5114,Stocks,1181,Beehives,1962,1962,No,3300000,F,FAO estimate
QA,Live Animals,41,"China, mainland",5114,Stocks,1181,Beehives,1963,1963,No,3400000,F,FAO estimate
QA,Live Animals,41,"China, mainland",5114,Stocks,1181,Beehives,1964,1964,No,3500000,F,FAO estimate
QA,Live Animals,41,"China, mainland",5114,Stocks,1181,Beehives,1965,1965,No,3600000,F,FAO estimate
QA,Live Animals,41,"China, mainland",5114,Stocks,1181,Beehives,1966,1966,No,3700000,F,FAO estimate
QA,Live Animals,41,"China, mainland",5114,Stocks,1181,Beehives,1967,1967,No,3700000,F,FAO estimate
QA,Live Animals,41,"China, mainland",5114,Stocks,1181,Beehives,1968,1968,No,3800000,F,FAO estimate
QA,Live Animals,41,"China, mainland",5114,Stocks,1181,Beehives,1969,1969,No,4000000,F,FAO estimate
QA,Live Animals,41,"China, mainland",5114,Stocks,1181,Beehives,1970,1970,No,4000000,F,FAO estimate
QA,Live Animals,41,"China, mainland",5114,Stocks,1181,Beehives,1971,1971,No,4200000,F,FAO estimate
QA,Live Animals,41,"China, mainland",5114,Stocks,1181,Beehives,1972,1972,No,4200000,F,FAO estimate
QA,Live Animals,41,"China, mainland",5114,Stocks,1181,Beehives,1973,1973,No,4000000,F,FAO estimate
QA,Live Animals,41,"China, mainland",5114,Stocks,1181,Beehives,1974,1974,No,4000000,F,FAO estimate
QA,Live Animals,41,"China, mainland",5114,Stocks,1181,Beehives,1975,1975,No,4000000,F,FAO estimate
QA,Live Animals,41,"China, mainland",5114,Stocks,1181,Beehives,1976,1976,No,4000000,F,FAO estimate
QA,Live Animals,41,"China, mainland",5114,Stocks,1181,Beehives,1977,1977,No,4100000,F,FAO estimate
QA,Live Animals,41,"China, mainland",5114,Stocks,1181,Beehives,1978,1978,No,4200000,*,Unofficial figure
QA,Live Animals,41,"China, mainland",5114,Stocks,1181,Beehives,1979,1979,No,4182000,,Official data
QA,Live Animals,41,"China, mainland",5114,Stocks,1181,Beehives,1980,1980,No,5298000,,Official data
QA,Live Animals,41,"China, mainland",5114,Stocks,1181,Beehives,1981,1981,No,5888000,,Official data
QA,Live Animals,41,"China, mainland",5114,Stocks,1181,Beehives,1982,1982,No,6100000,F,FAO estimate
QA,Live Animals,41,"China, mainland",5114,Stocks,1181,Beehives,1983,1983,No,6300000,F,FAO estimate
QA,Live Animals,41,"China, mainland",5114,Stocks,1181,Beehives,1984,1984,No,6500000,F,FAO estimate
QA,Live Animals,41,"China, mainland",5114,Stocks,1181,Beehives,1985,1985,No,6826000,,Official data
QA,Live Animals,41,"China, mainland",5114,Stocks,1181,Beehives,1986,1986,No,6674000,,Official data
QA,Live Animals,41,"China, mainland",5114,Stocks,1181,Beehives,1987,1987,No,6646000,,Official data
QA,Live Animals,41,"China, mainland",5114,Stocks,1181,Beehives,1988,1988,No,7597000,,Official data
QA,Live Animals,41,"China, mainland",5114,Stocks,1181,Beehives,1989,1989,No,7690000,,Official data
QA,Live Animals,41,"China, mainland",5114,Stocks,1181,Beehives,1990,1990,No,7355000,,Official data
QA,Live Animals,41,"China, mainland",5114,Stocks,1181,Beehives,1991,1991,No,7645000,,Official data
QA,Live Animals,41,"China, mainland",5114,Stocks,1181,Beehives,1992,1992,No,7541000,,Official data
QA,Live Animals,41,"China, mainland",5114,Stocks,1181,Beehives,1993,1993,No,7012000,,Official data
QA,Live Animals,41,"China, mainland",5114,Stocks,1181,Beehives,1994,1994,No,6444000,*,Unofficial figure
QA,Live Animals,41,"China, mainland",5114,Stocks,1181,Beehives,1995,1995,No,6300000,*,Unofficial figure
QA,Live Animals,41,"China, mainland",5114,Stocks,1181,Beehives,1996,1996,No,6250000,*,Unofficial figure
QA,Live Animals,41,"China, mainland",5114,Stocks,1181,Beehives,1997,1997,No,6800000,F,FAO estimate
QA,Live Animals,41,"China, mainland",5114,Stocks,1181,Beehives,1998,1998,No,7000000,F,FAO estimate
QA,Live Animals,41,"China, mainland",5114,Stocks,1181,Beehives,1999,1999,No,7100000,F,FAO estimate
QA,Live Animals,41,"China, mainland",5114,Stocks,1181,Beehives,2000,2000,No,7400000,F,FAO estimate
QA,Live Animals,41,"China, mainland",5114,Stocks,1181,Beehives,2001,2001,No,7500000,F,FAO estimate
QA,Live Animals,41,"China, mainland",5114,Stocks,1181,Beehives,2002,2002,No,7600000,F,FAO estimate
QA,Live Animals,41,"China, mainland",5114,Stocks,1181,Beehives,2003,2003,No,7800000,F,FAO estimate
QA,Live Animals,41,"China, mainland",5114,Stocks,1181,Beehives,2004,2004,No,8000000,F,FAO estimate
QA,Live Animals,41,"China, mainland",5114,Stocks,1181,Beehives,2005,2005,No,8250000,F,FAO estimate
QA,Live Animals,41,"China, mainland",5114,Stocks,1181,Beehives,2006,2006,No,8400000,F,FAO estimate
QA,Live Animals,41,"China, mainland",5114,Stocks,1181,Beehives,2007,2007,No,8500000,F,FAO estimate
QA,Live Animals,41,"China, mainland",5114,Stocks,1181,Beehives,2008,2008,No,8700000,F,FAO estimate
QA,Live Animals,41,"China, mainland",5114,Stocks,1181,Beehives,2009,2009,No,8750000,F,FAO estimate
QA,Live Animals,41,"China, mainland",5114,Stocks,1181,Beehives,2010,2010,No,8800000,F,FAO estimate
QA,Live Animals,41,"China, mainland",5114,Stocks,1181,Beehives,2011,2011,No,8850000,F,FAO estimate
QA,Live Animals,41,"China, mainland",5114,Stocks,1181,Beehives,2012,2012,No,8870000,F,FAO estimate
QA,Live Animals,41,"China, mainland",5114,Stocks,1181,Beehives,2013,2013,No,8900000,F,FAO estimate
QA,Live Animals,41,"China, mainland",5114,Stocks,1181,Beehives,2014,2014,No,8950000,F,FAO estimate
QA,Live Animals,41,"China, mainland",5114,Stocks,1181,Beehives,2015,2015,No,9001085,Im,FAO data based on imputation methodology
QA,Live Animals,41,"China, mainland",5114,Stocks,1181,Beehives,2016,2016,No,9024268,Im,FAO data based on imputation methodology
QA,Live Animals,41,"China, mainland",5114,Stocks,1181,Beehives,2017,2017,No,9031457,Im,FAO data based on imputation methodology
QA,Live Animals,41,"China, mainland",5111,Stocks,946,Buffaloes,1961,1961,Head,8043000,*,Unofficial figure
QA,Live Animals,41,"China, mainland",5111,Stocks,946,Buffaloes,1962,1962,Head,8245000,*,Unofficial figure
QA,Live Animals,41,"China, mainland",5111,Stocks,946,Buffaloes,1963,1963,Head,8357000,*,Unofficial figure
QA,Live Animals,41,"China, mainland",5111,Stocks,946,Buffaloes,1964,1964,Head,10740000,*,Unofficial figure
QA,Live Animals,41,"China, mainland",5111,Stocks,946,Buffaloes,1965,1965,Head,10738000,*,Unofficial figure
QA,Live Animals,41,"China, mainland",5111,Stocks,946,Buffaloes,1966,1966,Head,13378000,,Official data
QA,Live Animals,41,"China, mainland",5111,Stocks,946,Buffaloes,1967,1967,Head,14000000,*,Unofficial figure
QA,Live Animals,41,"China, mainland",5111,Stocks,946,Buffaloes,1968,1968,Head,15000000,*,Unofficial figure
QA,Live Animals,41,"China, mainland",5111,Stocks,946,Buffaloes,1969,1969,Head,15500000,*,Unofficial figure
QA,Live Animals,41,"China, mainland",5111,Stocks,946,Buffaloes,1970,1970,Head,15500000,*,Unofficial figure
QA,Live Animals,41,"China, mainland",5111,Stocks,946,Buffaloes,1971,1971,Head,16083000,*,Unofficial figure
QA,Live Animals,41,"China, mainland",5111,Stocks,946,Buffaloes,1972,1972,Head,16500000,*,Unofficial figure
QA,Live Animals,41,"China, mainland",5111,Stocks,946,Buffaloes,1973,1973,Head,16866000,*,Unofficial figure
QA,Live Animals,41,"China, mainland",5111,Stocks,946,Buffaloes,1974,1974,Head,18000000,*,Unofficial figure
QA,Live Animals,41,"China, mainland",5111,Stocks,946,Buffaloes,1975,1975,Head,18000000,*,Unofficial figure
QA,Live Animals,41,"China, mainland",5111,Stocks,946,Buffaloes,1976,1976,Head,18000000,*,Unofficial figure
QA,Live Animals,41,"China, mainland",5111,Stocks,946,Buffaloes,1977,1977,Head,17444000,,Official data
QA,Live Animals,41,"China, mainland",5111,Stocks,946,Buffaloes,1978,1978,Head,17229008,,Official data
QA,Live Animals,41,"China, mainland",5111,Stocks,946,Buffaloes,1979,1979,Head,17723008,,Official data
QA,Live Animals,41,"China, mainland",5111,Stocks,946,Buffaloes,1980,1980,Head,18377008,,Official data
QA,Live Animals,41,"China, mainland",5111,Stocks,946,Buffaloes,1981,1981,Head,18520000,,Official data
QA,Live Animals,41,"China, mainland",5111,Stocks,946,Buffaloes,1982,1982,Head,18770000,,Official data
QA,Live Animals,41,"China, mainland",5111,Stocks,946,Buffaloes,1983,1983,Head,19144000,,Official data
QA,Live Animals,41,"China, mainland",5111,Stocks,946,Buffaloes,1984,1984,Head,19149008,,Official data
QA,Live Animals,41,"China, mainland",5111,Stocks,946,Buffaloes,1985,1985,Head,19506000,,Official data
QA,Live Animals,41,"China, mainland",5111,Stocks,946,Buffaloes,1986,1986,Head,19934000,,Official data
QA,Live Animals,41,"China, mainland",5111,Stocks,946,Buffaloes,1987,1987,Head,20823008,,Official data
QA,Live Animals,41,"China, mainland",5111,Stocks,946,Buffaloes,1988,1988,Head,20823008,,Official data
QA,Live Animals,41,"China, mainland",5111,Stocks,946,Buffaloes,1989,1989,Head,21067008,,Official data
QA,Live Animals,41,"China, mainland",5111,Stocks,946,Buffaloes,1990,1990,Head,21395008,,Official data
QA,Live Animals,41,"China, mainland",5111,Stocks,946,Buffaloes,1991,1991,Head,21690000,,Official data
QA,Live Animals,41,"China, mainland",5111,Stocks,946,Buffaloes,1992,1992,Head,22005000,,Official data
QA,Live Animals,41,"China, mainland",5111,Stocks,946,Buffaloes,1993,1993,Head,22200000,,Official data
QA,Live Animals,41,"China, mainland",5111,Stocks,946,Buffaloes,1994,1994,Head,22400000,,Official data
QA,Live Animals,41,"China, mainland",5111,Stocks,946,Buffaloes,1995,1995,Head,22913100,*,Unofficial figure
QA,Live Animals,41,"China, mainland",5111,Stocks,946,Buffaloes,1996,1996,Head,23300100,*,Unofficial figure
QA,Live Animals,41,"China, mainland",5111,Stocks,946,Buffaloes,1997,1997,Head,19636000,*,Unofficial figure
QA,Live Animals,41,"China, mainland",5111,Stocks,946,Buffaloes,1998,1998,Head,22545000,,Official data
QA,Live Animals,41,"China, mainland",5111,Stocks,946,Buffaloes,1999,1999,Head,22665000,,Official data
QA,Live Animals,41,"China, mainland",5111,Stocks,946,Buffaloes,2000,2000,Head,22587000,,Official data
QA,Live Animals,41,"China, mainland",5111,Stocks,946,Buffaloes,2001,2001,Head,22758000,,Official data
QA,Live Animals,41,"China, mainland",5111,Stocks,946,Buffaloes,2002,2002,Head,22684000,,Official data
QA,Live Animals,41,"China, mainland",5111,Stocks,946,Buffaloes,2003,2003,Head,22724000,,Official data
QA,Live Animals,41,"China, mainland",5111,Stocks,946,Buffaloes,2004,2004,Head,22282000,,Official data
QA,Live Animals,41,"China, mainland",5111,Stocks,946,Buffaloes,2005,2005,Head,22361000,,Official data
QA,Live Animals,41,"China, mainland",5111,Stocks,946,Buffaloes,2006,2006,Head,22495000,,Official data
QA,Live Animals,41,"China, mainland",5111,Stocks,946,Buffaloes,2007,2007,Head,22717000,,Official data
QA,Live Animals,41,"China, mainland",5111,Stocks,946,Buffaloes,2008,2008,Head,23268000,*,Unofficial figure
QA,Live Animals,41,"China, mainland",5111,Stocks,946,Buffaloes,2009,2009,Head,23267200,*,Unofficial figure
QA,Live Animals,41,"China, mainland",5111,Stocks,946,Buffaloes,2010,2010,Head,23598300,*,Unofficial figure
QA,Live Animals,41,"China, mainland",5111,Stocks,946,Buffaloes,2011,2011,Head,23378000,*,Unofficial figure
QA,Live Animals,41,"China, mainland",5111,Stocks,946,Buffaloes,2012,2012,Head,23344000,*,Unofficial figure
QA,Live Animals,41,"China, mainland",5111,Stocks,946,Buffaloes,2013,2013,Head,23250000,*,Unofficial figure
QA,Live Animals,41,"China, mainland",5111,Stocks,946,Buffaloes,2014,2014,Head,23345000,*,Unofficial figure
QA,Live Animals,41,"China, mainland",5111,Stocks,946,Buffaloes,2015,2015,Head,23659600,*,Unofficial figure
QA,Live Animals,41,"China, mainland",5111,Stocks,946,Buffaloes,2016,2016,Head,23798000,*,Unofficial figure
QA,Live Animals,41,"China, mainland",5111,Stocks,946,Buffaloes,2017,2017,Head,23469400,F,FAO estimate
QA,Live Animals,41,"China, mainland",5111,Stocks,1126,Camels,1961,1961,Head,381000,,Official data
QA,Live Animals,41,"China, mainland",5111,Stocks,1126,Camels,1962,1962,Head,378000,,Official data
QA,Live Animals,41,"China, mainland",5111,Stocks,1126,Camels,1963,1963,Head,386000,,Official data
QA,Live Animals,41,"China, mainland",5111,Stocks,1126,Camels,1964,1964,Head,402000,,Official data
QA,Live Animals,41,"China, mainland",5111,Stocks,1126,Camels,1965,1965,Head,425000,,Official data
QA,Live Animals,41,"China, mainland",5111,Stocks,1126,Camels,1966,1966,Head,448000,,Official data
QA,Live Animals,41,"China, mainland",5111,Stocks,1126,Camels,1967,1967,Head,450000,F,FAO estimate
QA,Live Animals,41,"China, mainland",5111,Stocks,1126,Camels,1968,1968,Head,460000,F,FAO estimate
QA,Live Animals,41,"China, mainland",5111,Stocks,1126,Camels,1969,1969,Head,470000,F,FAO estimate
QA,Live Animals,41,"China, mainland",5111,Stocks,1126,Camels,1970,1970,Head,480000,F,FAO estimate
QA,Live Animals,41,"China, mainland",5111,Stocks,1126,Camels,1971,1971,Head,487000,,Official data
QA,Live Animals,41,"China, mainland",5111,Stocks,1126,Camels,1972,1972,Head,505000,,Official data
QA,Live Animals,41,"China, mainland",5111,Stocks,1126,Camels,1973,1973,Head,515000,,Official data
QA,Live Animals,41,"China, mainland",5111,Stocks,1126,Camels,1974,1974,Head,500000,,Official data
QA,Live Animals,41,"China, mainland",5111,Stocks,1126,Camels,1975,1975,Head,504000,,Official data
QA,Live Animals,41,"China, mainland",5111,Stocks,1126,Camels,1976,1976,Head,535000,,Official data
QA,Live Animals,41,"China, mainland",5111,Stocks,1126,Camels,1977,1977,Head,545000,,Official data
QA,Live Animals,41,"China, mainland",5111,Stocks,1126,Camels,1978,1978,Head,564000,,Official data
QA,Live Animals,41,"China, mainland",5111,Stocks,1126,Camels,1979,1979,Head,574000,,Official data
QA,Live Animals,41,"China, mainland",5111,Stocks,1126,Camels,1980,1980,Head,604000,,Official data
QA,Live Animals,41,"China, mainland",5111,Stocks,1126,Camels,1981,1981,Head,614000,,Official data
QA,Live Animals,41,"China, mainland",5111,Stocks,1126,Camels,1982,1982,Head,628000,,Official data
QA,Live Animals,41,"China, mainland",5111,Stocks,1126,Camels,1983,1983,Head,610000,,Official data
QA,Live Animals,41,"China, mainland",5111,Stocks,1126,Camels,1984,1984,Head,564000,,Official data
QA,Live Animals,41,"China, mainland",5111,Stocks,1126,Camels,1985,1985,Head,531000,,Official data
QA,Live Animals,41,"China, mainland",5111,Stocks,1126,Camels,1986,1986,Head,530000,,Official data
QA,Live Animals,41,"China, mainland",5111,Stocks,1126,Camels,1987,1987,Head,504000,,Official data
QA,Live Animals,41,"China, mainland",5111,Stocks,1126,Camels,1988,1988,Head,475000,,Official data
QA,Live Animals,41,"China, mainland",5111,Stocks,1126,Camels,1989,1989,Head,472000,,Official data
QA,Live Animals,41,"China, mainland",5111,Stocks,1126,Camels,1990,1990,Head,475000,,Official data
QA,Live Animals,41,"China, mainland",5111,Stocks,1126,Camels,1991,1991,Head,463000,,Official data
QA,Live Animals,41,"China, mainland",5111,Stocks,1126,Camels,1992,1992,Head,441000,,Official data
QA,Live Animals,41,"China, mainland",5111,Stocks,1126,Camels,1993,1993,Head,401000,,Official data
QA,Live Animals,41,"China, mainland",5111,Stocks,1126,Camels,1994,1994,Head,373000,,Official data
QA,Live Animals,41,"China, mainland",5111,Stocks,1126,Camels,1995,1995,Head,356000,,Official data
QA,Live Animals,41,"China, mainland",5111,Stocks,1126,Camels,1996,1996,Head,351000,,Official data
QA,Live Animals,41,"China, mainland",5111,Stocks,1126,Camels,1997,1997,Head,349000,,Official data
QA,Live Animals,41,"China, mainland",5111,Stocks,1126,Camels,1998,1998,Head,350000,,Official data
QA,Live Animals,41,"China, mainland",5111,Stocks,1126,Camels,1999,1999,Head,335000,,Official data
QA,Live Animals,41,"China, mainland",5111,Stocks,1126,Camels,2000,2000,Head,330000,,Official data
QA,Live Animals,41,"China, mainland",5111,Stocks,1126,Camels,2001,2001,Head,326000,,Official data
QA,Live Animals,41,"China, mainland",5111,Stocks,1126,Camels,2002,2002,Head,279000,,Official data
QA,Live Animals,41,"China, mainland",5111,Stocks,1126,Camels,2003,2003,Head,264000,,Official data
QA,Live Animals,41,"China, mainland",5111,Stocks,1126,Camels,2004,2004,Head,265000,,Official data
QA,Live Animals,41,"China, mainland",5111,Stocks,1126,Camels,2005,2005,Head,262000,,Official data
QA,Live Animals,41,"China, mainland",5111,Stocks,1126,Camels,2006,2006,Head,265600,,Official data
QA,Live Animals,41,"China, mainland",5111,Stocks,1126,Camels,2007,2007,Head,269000,,Official data
QA,Live Animals,41,"China, mainland",5111,Stocks,1126,Camels,2008,2008,Head,242000,,Official data
QA,Live Animals,41,"China, mainland",5111,Stocks,1126,Camels,2009,2009,Head,240000,,Official data
QA,Live Animals,41,"China, mainland",5111,Stocks,1126,Camels,2010,2010,Head,248000,,Official data
QA,Live Animals,41,"China, mainland",5111,Stocks,1126,Camels,2011,2011,Head,256000,,Official data
QA,Live Animals,41,"China, mainland",5111,Stocks,1126,Camels,2012,2012,Head,273000,,Official data
QA,Live Animals,41,"China, mainland",5111,Stocks,1126,Camels,2013,2013,Head,295000,,Official data
QA,Live Animals,41,"China, mainland",5111,Stocks,1126,Camels,2014,2014,Head,316200,,Official data
QA,Live Animals,41,"China, mainland",5111,Stocks,1126,Camels,2015,2015,Head,301000,,Official data
QA,Live Animals,41,"China, mainland",5111,Stocks,1126,Camels,2016,2016,Head,305000,,Official data
QA,Live Animals,41,"China, mainland",5111,Stocks,1126,Camels,2017,2017,Head,323000,,Official data
QA,Live Animals,41,"China, mainland",5111,Stocks,866,Cattle,1961,1961,Head,49400000,*,Unofficial figure
QA,Live Animals,41,"China, mainland",5111,Stocks,866,Cattle,1962,1962,Head,46760000,*,Unofficial figure
QA,Live Animals,41,"China, mainland",5111,Stocks,866,Cattle,1963,1963,Head,47360000,*,Unofficial figure
QA,Live Animals,41,"China, mainland",5111,Stocks,866,Cattle,1964,1964,Head,48940000,*,Unofficial figure
QA,Live Animals,41,"China, mainland",5111,Stocks,866,Cattle,1965,1965,Head,52420000,*,Unofficial figure
QA,Live Animals,41,"China, mainland",5111,Stocks,866,Cattle,1966,1966,Head,53573008,,Official data
QA,Live Animals,41,"China, mainland",5111,Stocks,866,Cattle,1967,1967,Head,55950000,*,Unofficial figure
QA,Live Animals,41,"China, mainland",5111,Stocks,866,Cattle,1968,1968,Head,56860000,*,Unofficial figure
QA,Live Animals,41,"China, mainland",5111,Stocks,866,Cattle,1969,1969,Head,57720000,*,Unofficial figure
QA,Live Animals,41,"China, mainland",5111,Stocks,866,Cattle,1970,1970,Head,57500000,*,Unofficial figure
QA,Live Animals,41,"China, mainland",5111,Stocks,866,Cattle,1971,1971,Head,57500000,*,Unofficial figure
QA,Live Animals,41,"China, mainland",5111,Stocks,866,Cattle,1972,1972,Head,57486000,*,Unofficial figure
QA,Live Animals,41,"China, mainland",5111,Stocks,866,Cattle,1973,1973,Head,57000000,*,Unofficial figure
QA,Live Animals,41,"China, mainland",5111,Stocks,866,Cattle,1974,1974,Head,56676000,*,Unofficial figure
QA,Live Animals,41,"China, mainland",5111,Stocks,866,Cattle,1975,1975,Head,56554000,*,Unofficial figure
QA,Live Animals,41,"China, mainland",5111,Stocks,866,Cattle,1976,1976,Head,55547008,*,Unofficial figure
QA,Live Animals,41,"China, mainland",5111,Stocks,866,Cattle,1977,1977,Head,53825008,,Official data
QA,Live Animals,41,"China, mainland",5111,Stocks,866,Cattle,1978,1978,Head,52723008,,Official data
QA,Live Animals,41,"China, mainland",5111,Stocks,866,Cattle,1979,1979,Head,52528000,,Official data
QA,Live Animals,41,"China, mainland",5111,Stocks,866,Cattle,1980,1980,Head,52411008,,Official data
QA,Live Animals,41,"China, mainland",5111,Stocks,866,Cattle,1981,1981,Head,52515008,,Official data
QA,Live Animals,41,"China, mainland",5111,Stocks,866,Cattle,1982,1982,Head,53833008,,Official data
QA,Live Animals,41,"China, mainland",5111,Stocks,866,Cattle,1983,1983,Head,56926000,,Official data
QA,Live Animals,41,"China, mainland",5111,Stocks,866,Cattle,1984,1984,Head,58935008,,Official data
QA,Live Animals,41,"China, mainland",5111,Stocks,866,Cattle,1985,1985,Head,62622000,,Official data
QA,Live Animals,41,"China, mainland",5111,Stocks,866,Cattle,1986,1986,Head,66886000,,Official data
QA,Live Animals,41,"China, mainland",5111,Stocks,866,Cattle,1987,1987,Head,70847008,,Official data
QA,Live Animals,41,"China, mainland",5111,Stocks,866,Cattle,1988,1988,Head,73088800,*,Unofficial figure
QA,Live Animals,41,"China, mainland",5111,Stocks,866,Cattle,1989,1989,Head,76114200,*,Unofficial figure
QA,Live Animals,41,"China, mainland",5111,Stocks,866,Cattle,1990,1990,Head,77769856,*,Unofficial figure
QA,Live Animals,41,"China, mainland",5111,Stocks,866,Cattle,1991,1991,Head,81194000,,Official data
QA,Live Animals,41,"China, mainland",5111,Stocks,866,Cattle,1992,1992,Head,82587000,,Official data
QA,Live Animals,41,"China, mainland",5111,Stocks,866,Cattle,1993,1993,Head,85640000,,Official data
QA,Live Animals,41,"China, mainland",5111,Stocks,866,Cattle,1994,1994,Head,90757000,,Official data
QA,Live Animals,41,"China, mainland",5111,Stocks,866,Cattle,1995,1995,Head,100405000,,Official data
QA,Live Animals,41,"China, mainland",5111,Stocks,866,Cattle,1996,1996,Head,108760000,*,Unofficial figure
QA,Live Animals,41,"China, mainland",5111,Stocks,866,Cattle,1997,1997,Head,90682000,*,Unofficial figure
QA,Live Animals,41,"China, mainland",5111,Stocks,866,Cattle,1998,1998,Head,99277000,,Official data
QA,Live Animals,41,"China, mainland",5111,Stocks,866,Cattle,1999,1999,Head,101754000,,Official data
QA,Live Animals,41,"China, mainland",5111,Stocks,866,Cattle,2000,2000,Head,104396000,,Official data
QA,Live Animals,41,"China, mainland",5111,Stocks,866,Cattle,2001,2001,Head,100774000,,Official data
QA,Live Animals,41,"China, mainland",5111,Stocks,866,Cattle,2002,2002,Head,95408000,,Official data
QA,Live Animals,41,"China, mainland",5111,Stocks,866,Cattle,2003,2003,Head,92954000,,Official data
QA,Live Animals,41,"China, mainland",5111,Stocks,866,Cattle,2004,2004,Head,92062000,,Official data
QA,Live Animals,41,"China, mainland",5111,Stocks,866,Cattle,2005,2005,Head,89993000,,Official data
QA,Live Animals,41,"China, mainland",5111,Stocks,866,Cattle,2006,2006,Head,87413000,,Official data
QA,Live Animals,41,"China, mainland",5111,Stocks,866,Cattle,2007,2007,Head,81934000,,Official data
QA,Live Animals,41,"China, mainland",5111,Stocks,866,Cattle,2008,2008,Head,82680000,*,Unofficial figure
QA,Live Animals,41,"China, mainland",5111,Stocks,866,Cattle,2009,2009,Head,82492800,*,Unofficial figure
QA,Live Animals,41,"China, mainland",5111,Stocks,866,Cattle,2010,2010,Head,83666700,*,Unofficial figure
QA,Live Animals,41,"China, mainland",5111,Stocks,866,Cattle,2011,2011,Head,82886000,*,Unofficial figure
QA,Live Animals,41,"China, mainland",5111,Stocks,866,Cattle,2012,2012,Head,80260600,*,Unofficial figure
QA,Live Animals,41,"China, mainland",5111,Stocks,866,Cattle,2013,2013,Head,80184100,*,Unofficial figure
QA,Live Animals,41,"China, mainland",5111,Stocks,866,Cattle,2014,2014,Head,80506400,*,Unofficial figure
QA,Live Animals,41,"China, mainland",5111,Stocks,866,Cattle,2015,2015,Head,82120800,*,Unofficial figure
QA,Live Animals,41,"China, mainland",5111,Stocks,866,Cattle,2016,2016,Head,84374700,*,Unofficial figure
QA,Live Animals,41,"China, mainland",5111,Stocks,866,Cattle,2017,2017,Head,83209600,F,FAO estimate
QA,Live Animals,41,"China, mainland",5112,Stocks,1057,Chickens,1961,1961,1000 Head,530000,F,FAO estimate
QA,Live Animals,41,"China, mainland",5112,Stocks,1057,Chickens,1962,1962,1000 Head,543000,F,FAO estimate
QA,Live Animals,41,"China, mainland",5112,Stocks,1057,Chickens,1963,1963,1000 Head,560000,F,FAO estimate
QA,Live Animals,41,"China, mainland",5112,Stocks,1057,Chickens,1964,1964,1000 Head,576000,F,FAO estimate
QA,Live Animals,41,"China, mainland",5112,Stocks,1057,Chickens,1965,1965,1000 Head,580000,F,FAO estimate
QA,Live Animals,41,"China, mainland",5112,Stocks,1057,Chickens,1966,1966,1000 Head,587000,F,FAO estimate
QA,Live Animals,41,"China, mainland",5112,Stocks,1057,Chickens,1967,1967,1000 Head,594000,F,FAO estimate
QA,Live Animals,41,"China, mainland",5112,Stocks,1057,Chickens,1968,1968,1000 Head,600000,F,FAO estimate
QA,Live Animals,41,"China, mainland",5112,Stocks,1057,Chickens,1969,1969,1000 Head,610000,F,FAO estimate
QA,Live Animals,41,"China, mainland",5112,Stocks,1057,Chickens,1970,1970,1000 Head,620000,F,FAO estimate
QA,Live Animals,41,"China, mainland",5112,Stocks,1057,Chickens,1971,1971,1000 Head,630000,F,FAO estimate
QA,Live Animals,41,"China, mainland",5112,Stocks,1057,Chickens,1972,1972,1000 Head,651000,F,FAO estimate
QA,Live Animals,41,"China, mainland",5112,Stocks,1057,Chickens,1973,1973,1000 Head,657000,F,FAO estimate
QA,Live Animals,41,"China, mainland",5112,Stocks,1057,Chickens,1974,1974,1000 Head,682000,F,FAO estimate
QA,Live Animals,41,"China, mainland",5112,Stocks,1057,Chickens,1975,1975,1000 Head,686000,F,FAO estimate
QA,Live Animals,41,"China, mainland",5112,Stocks,1057,Chickens,1976,1976,1000 Head,729000,F,FAO estimate
QA,Live Animals,41,"China, mainland",5112,Stocks,1057,Chickens,1977,1977,1000 Head,743000,F,FAO estimate
QA,Live Animals,41,"China, mainland",5112,Stocks,1057,Chickens,1978,1978,1000 Head,779000,F,FAO estimate
QA,Live Animals,41,"China, mainland",5112,Stocks,1057,Chickens,1979,1979,1000 Head,805000,F,FAO estimate
QA,Live Animals,41,"China, mainland",5112,Stocks,1057,Chickens,1980,1980,1000 Head,875000,F,FAO estimate
QA,Live Animals,41,"China, mainland",5112,Stocks,1057,Chickens,1981,1981,1000 Head,920000,F,FAO estimate
QA,Live Animals,41,"China, mainland",5112,Stocks,1057,Chickens,1982,1982,1000 Head,980000,F,FAO estimate
QA,Live Animals,41,"China, mainland",5112,Stocks,1057,Chickens,1983,1983,1000 Head,1060000,F,FAO estimate
QA,Live Animals,41,"China, mainland",5112,Stocks,1057,Chickens,1984,1984,1000 Head,1120000,F,FAO estimate
QA,Live Animals,41,"China, mainland",5112,Stocks,1057,Chickens,1985,1985,1000 Head,1200000,F,FAO estimate
QA,Live Animals,41,"China, mainland",5112,Stocks,1057,Chickens,1986,1986,1000 Head,1370000,F,FAO estimate
QA,Live Animals,41,"China, mainland",5112,Stocks,1057,Chickens,1987,1987,1000 Head,1570000,F,FAO estimate
QA,Live Animals,41,"China, mainland",5112,Stocks,1057,Chickens,1988,1988,1000 Head,1775000,F,FAO estimate
QA,Live Animals,41,"China, mainland",5112,Stocks,1057,Chickens,1989,1989,1000 Head,1900000,F,FAO estimate
QA,Live Animals,41,"China, mainland",5112,Stocks,1057,Chickens,1990,1990,1000 Head,2000000,F,FAO estimate
QA,Live Animals,41,"China, mainland",5112,Stocks,1057,Chickens,1991,1991,1000 Head,2223000,,Official data
QA,Live Animals,41,"China, mainland",5112,Stocks,1057,Chickens,1992,1992,1000 Head,2350000,,Official data
QA,Live Animals,41,"China, mainland",5112,Stocks,1057,Chickens,1993,1993,1000 Head,2600000,F,FAO estimate
QA,Live Animals,41,"China, mainland",5112,Stocks,1057,Chickens,1994,1994,1000 Head,2900000,F,FAO estimate
QA,Live Animals,41,"China, mainland",5112,Stocks,1057,Chickens,1995,1995,1000 Head,3035680,*,Unofficial figure
QA,Live Animals,41,"China, mainland",5112,Stocks,1057,Chickens,1996,1996,1000 Head,3369000,*,Unofficial figure
QA,Live Animals,41,"China, mainland",5112,Stocks,1057,Chickens,1997,1997,1000 Head,3870000,*,Unofficial figure
QA,Live Animals,41,"China, mainland",5112,Stocks,1057,Chickens,1998,1998,1000 Head,3000000,F,FAO estimate
QA,Live Animals,41,"China, mainland",5112,Stocks,1057,Chickens,1999,1999,1000 Head,3300000,F,FAO estimate
QA,Live Animals,41,"China, mainland",5112,Stocks,1057,Chickens,2000,2000,1000 Head,3500000,F,FAO estimate
QA,Live Animals,41,"China, mainland",5112,Stocks,1057,Chickens,2001,2001,1000 Head,3650000,F,FAO estimate
QA,Live Animals,41,"China, mainland",5112,Stocks,1057,Chickens,2002,2002,1000 Head,3980000,*,Unofficial figure
QA,Live Animals,41,"China, mainland",5112,Stocks,1057,Chickens,2003,2003,1000 Head,3860000,*,Unofficial figure
QA,Live Animals,41,"China, mainland",5112,Stocks,1057,Chickens,2004,2004,1000 Head,4100000,*,Unofficial figure
QA,Live Animals,41,"China, mainland",5112,Stocks,1057,Chickens,2005,2005,1000 Head,4335000,*,Unofficial figure
QA,Live Animals,41,"China, mainland",5112,Stocks,1057,Chickens,2006,2006,1000 Head,4345000,*,Unofficial figure
QA,Live Animals,41,"China, mainland",5112,Stocks,1057,Chickens,2007,2007,1000 Head,4600000,*,Unofficial figure
QA,Live Animals,41,"China, mainland",5112,Stocks,1057,Chickens,2008,2008,1000 Head,4925000,*,Unofficial figure
QA,Live Animals,41,"China, mainland",5112,Stocks,1057,Chickens,2009,2009,1000 Head,5120000,*,Unofficial figure
QA,Live Animals,41,"China, mainland",5112,Stocks,1057,Chickens,2010,2010,1000 Head,5200000,F,FAO estimate
QA,Live Animals,41,"China, mainland",5112,Stocks,1057,Chickens,2011,2011,1000 Head,4610000,*,Unofficial figure
QA,Live Animals,41,"China, mainland",5112,Stocks,1057,Chickens,2012,2012,1000 Head,4817670,*,Unofficial figure
QA,Live Animals,41,"China, mainland",5112,Stocks,1057,Chickens,2013,2013,1000 Head,4741500,*,Unofficial figure
QA,Live Animals,41,"China, mainland",5112,Stocks,1057,Chickens,2014,2014,1000 Head,4539500,*,Unofficial figure
QA,Live Animals,41,"China, mainland",5112,Stocks,1057,Chickens,2015,2015,1000 Head,4604647,Im,FAO data based on imputation methodology
QA,Live Animals,41,"China, mainland",5112,Stocks,1057,Chickens,2016,2016,1000 Head,4953357,Im,FAO data based on imputation methodology
QA,Live Animals,41,"China, mainland",5112,Stocks,1057,Chickens,2017,2017,1000 Head,4877210,Im,FAO data based on imputation methodology
QA,Live Animals,41,"China, mainland",5112,Stocks,1068,Ducks,1961,1961,1000 Head,96000,F,FAO estimate
QA,Live Animals,41,"China, mainland",5112,Stocks,1068,Ducks,1962,1962,1000 Head,99000,F,FAO estimate
QA,Live Animals,41,"China, mainland",5112,Stocks,1068,Ducks,1963,1963,1000 Head,103000,F,FAO estimate
QA,Live Animals,41,"China, mainland",5112,Stocks,1068,Ducks,1964,1964,1000 Head,108000,F,FAO estimate
QA,Live Animals,41,"China, mainland",5112,Stocks,1068,Ducks,1965,1965,1000 Head,110000,F,FAO estimate
QA,Live Animals,41,"China, mainland",5112,Stocks,1068,Ducks,1966,1966,1000 Head,113000,F,FAO estimate
QA,Live Animals,41,"China, mainland",5112,Stocks,1068,Ducks,1967,1967,1000 Head,117000,F,FAO estimate
QA,Live Animals,41,"China, mainland",5112,Stocks,1068,Ducks,1968,1968,1000 Head,122000,F,FAO estimate
QA,Live Animals,41,"China, mainland",5112,Stocks,1068,Ducks,1969,1969,1000 Head,125000,F,FAO estimate
QA,Live Animals,41,"China, mainland",5112,Stocks,1068,Ducks,1970,1970,1000 Head,127000,F,FAO estimate
QA,Live Animals,41,"China, mainland",5112,Stocks,1068,Ducks,1971,1971,1000 Head,133000,F,FAO estimate
QA,Live Animals,41,"China, mainland",5112,Stocks,1068,Ducks,1972,1972,1000 Head,137000,F,FAO estimate
QA,Live Animals,41,"China, mainland",5112,Stocks,1068,Ducks,1973,1973,1000 Head,144000,F,FAO estimate
QA,Live Animals,41,"China, mainland",5112,Stocks,1068,Ducks,1974,1974,1000 Head,149000,F,FAO estimate
QA,Live Animals,41,"China, mainland",5112,Stocks,1068,Ducks,1975,1975,1000 Head,152000,F,FAO estimate
QA,Live Animals,41,"China, mainland",5112,Stocks,1068,Ducks,1976,1976,1000 Head,160000,F,FAO estimate
QA,Live Animals,41,"China, mainland",5112,Stocks,1068,Ducks,1977,1977,1000 Head,163000,F,FAO estimate
QA,Live Animals,41,"China, mainland",5112,Stocks,1068,Ducks,1978,1978,1000 Head,169000,F,FAO estimate
QA,Live Animals,41,"China, mainland",5112,Stocks,1068,Ducks,1979,1979,1000 Head,171000,F,FAO estimate
QA,Live Animals,41,"China, mainland",5112,Stocks,1068,Ducks,1980,1980,1000 Head,182000,F,FAO estimate
QA,Live Animals,41,"China, mainland",5112,Stocks,1068,Ducks,1981,1981,1000 Head,186000,F,FAO estimate
QA,Live Animals,41,"China, mainland",5112,Stocks,1068,Ducks,1982,1982,1000 Head,189000,F,FAO estimate
QA,Live Animals,41,"China, mainland",5112,Stocks,1068,Ducks,1983,1983,1000 Head,193000,F,FAO estimate
QA,Live Animals,41,"China, mainland",5112,Stocks,1068,Ducks,1984,1984,1000 Head,196000,F,FAO estimate
QA,Live Animals,41,"China, mainland",5112,Stocks,1068,Ducks,1985,1985,1000 Head,212000,F,FAO estimate
QA,Live Animals,41,"China, mainland",5112,Stocks,1068,Ducks,1986,1986,1000 Head,238000,F,FAO estimate
QA,Live Animals,41,"China, mainland",5112,Stocks,1068,Ducks,1987,1987,1000 Head,274000,F,FAO estimate
QA,Live Animals,41,"China, mainland",5112,Stocks,1068,Ducks,1988,1988,1000 Head,280000,F,FAO estimate
QA,Live Animals,41,"China, mainland",5112,Stocks,1068,Ducks,1989,1989,1000 Head,290000,F,FAO estimate
QA,Live Animals,41,"China, mainland",5112,Stocks,1068,Ducks,1990,1990,1000 Head,316000,F,FAO estimate
QA,Live Animals,41,"China, mainland",5112,Stocks,1068,Ducks,1991,1991,1000 Head,330000,,Official data
QA,Live Animals,41,"China, mainland",5112,Stocks,1068,Ducks,1992,1992,1000 Head,390000,,Official data
QA,Live Animals,41,"China, mainland",5112,Stocks,1068,Ducks,1993,1993,1000 Head,430000,F,FAO estimate
QA,Live Animals,41,"China, mainland",5112,Stocks,1068,Ducks,1994,1994,1000 Head,465000,F,FAO estimate
QA,Live Animals,41,"China, mainland",5112,Stocks,1068,Ducks,1995,1995,1000 Head,505000,*,Unofficial figure
QA,Live Animals,41,"China, mainland",5112,Stocks,1068,Ducks,1996,1996,1000 Head,554600,*,Unofficial figure
QA,Live Animals,41,"China, mainland",5112,Stocks,1068,Ducks,1997,1997,1000 Head,636000,*,Unofficial figure
QA,Live Animals,41,"China, mainland",5112,Stocks,1068,Ducks,1998,1998,1000 Head,500000,F,FAO estimate
QA,Live Animals,41,"China, mainland",5112,Stocks,1068,Ducks,1999,1999,1000 Head,550000,F,FAO estimate
QA,Live Animals,41,"China, mainland",5112,Stocks,1068,Ducks,2000,2000,1000 Head,600000,F,FAO estimate
QA,Live Animals,41,"China, mainland",5112,Stocks,1068,Ducks,2001,2001,1000 Head,625000,F,FAO estimate
QA,Live Animals,41,"China, mainland",5112,Stocks,1068,Ducks,2002,2002,1000 Head,676000,*,Unofficial figure
QA,Live Animals,41,"China, mainland",5112,Stocks,1068,Ducks,2003,2003,1000 Head,650000,*,Unofficial figure
QA,Live Animals,41,"China, mainland",5112,Stocks,1068,Ducks,2004,2004,1000 Head,700000,*,Unofficial figure
QA,Live Animals,41,"China, mainland",5112,Stocks,1068,Ducks,2005,2005,1000 Head,720000,*,Unofficial figure
QA,Live Animals,41,"China, mainland",5112,Stocks,1068,Ducks,2006,2006,1000 Head,730000,*,Unofficial figure
QA,Live Animals,41,"China, mainland",5112,Stocks,1068,Ducks,2007,2007,1000 Head,680000,*,Unofficial figure
QA,Live Animals,41,"China, mainland",5112,Stocks,1068,Ducks,2008,2008,1000 Head,730000,*,Unofficial figure
QA,Live Animals,41,"China, mainland",5112,Stocks,1068,Ducks,2009,2009,1000 Head,741000,*,Unofficial figure
QA,Live Animals,41,"China, mainland",5112,Stocks,1068,Ducks,2010,2010,1000 Head,787000,F,FAO estimate
QA,Live Animals,41,"China, mainland",5112,Stocks,1068,Ducks,2011,2011,1000 Head,666500,*,Unofficial figure
QA,Live Animals,41,"China, mainland",5112,Stocks,1068,Ducks,2012,2012,1000 Head,696530,*,Unofficial figure
QA,Live Animals,41,"China, mainland",5112,Stocks,1068,Ducks,2013,2013,1000 Head,685500,*,Unofficial figure
QA,Live Animals,41,"China, mainland",5112,Stocks,1068,Ducks,2014,2014,1000 Head,656300,*,Unofficial figure
QA,Live Animals,41,"China, mainland",5112,Stocks,1068,Ducks,2015,2015,1000 Head,680506,Im,FAO data based on imputation methodology
QA,Live Animals,41,"China, mainland",5112,Stocks,1068,Ducks,2016,2016,1000 Head,730949,Im,FAO data based on imputation methodology
QA,Live Animals,41,"China, mainland",5112,Stocks,1068,Ducks,2017,2017,1000 Head,716734,Im,FAO data based on imputation methodology
QA,Live Animals,41,"China, mainland",5112,Stocks,1072,Geese and guinea fowls,1961,1961,1000 Head,15000,F,FAO estimate
QA,Live Animals,41,"China, mainland",5112,Stocks,1072,Geese and guinea fowls,1962,1962,1000 Head,16000,F,FAO estimate
QA,Live Animals,41,"China, mainland",5112,Stocks,1072,Geese and guinea fowls,1963,1963,1000 Head,18000,F,FAO estimate
QA,Live Animals,41,"China, mainland",5112,Stocks,1072,Geese and guinea fowls,1964,1964,1000 Head,20000,F,FAO estimate
QA,Live Animals,41,"China, mainland",5112,Stocks,1072,Geese and guinea fowls,1965,1965,1000 Head,22000,F,FAO estimate
QA,Live Animals,41,"China, mainland",5112,Stocks,1072,Geese and guinea fowls,1966,1966,1000 Head,23000,F,FAO estimate
QA,Live Animals,41,"China, mainland",5112,Stocks,1072,Geese and guinea fowls,1967,1967,1000 Head,25000,F,FAO estimate
QA,Live Animals,41,"China, mainland",5112,Stocks,1072,Geese and guinea fowls,1968,1968,1000 Head,27000,F,FAO estimate
QA,Live Animals,41,"China, mainland",5112,Stocks,1072,Geese and guinea fowls,1969,1969,1000 Head,29000,F,FAO estimate
QA,Live Animals,41,"China, mainland",5112,Stocks,1072,Geese and guinea fowls,1970,1970,1000 Head,31000,F,FAO estimate
QA,Live Animals,41,"China, mainland",5112,Stocks,1072,Geese and guinea fowls,1971,1971,1000 Head,32000,F,FAO estimate
QA,Live Animals,41,"China, mainland",5112,Stocks,1072,Geese and guinea fowls,1972,1972,1000 Head,35000,F,FAO estimate
QA,Live Animals,41,"China, mainland",5112,Stocks,1072,Geese and guinea fowls,1973,1973,1000 Head,37000,F,FAO estimate
QA,Live Animals,41,"China, mainland",5112,Stocks,1072,Geese and guinea fowls,1974,1974,1000 Head,38000,F,FAO estimate
QA,Live Animals,41,"China, mainland",5112,Stocks,1072,Geese and guinea fowls,1975,1975,1000 Head,40000,F,FAO estimate
QA,Live Animals,41,"China, mainland",5112,Stocks,1072,Geese and guinea fowls,1976,1976,1000 Head,42000,F,FAO estimate
QA,Live Animals,41,"China, mainland",5112,Stocks,1072,Geese and guinea fowls,1977,1977,1000 Head,43000,F,FAO estimate
QA,Live Animals,41,"China, mainland",5112,Stocks,1072,Geese and guinea fowls,1978,1978,1000 Head,45000,F,FAO estimate
QA,Live Animals,41,"China, mainland",5112,Stocks,1072,Geese and guinea fowls,1979,1979,1000 Head,47000,F,FAO estimate
QA,Live Animals,41,"China, mainland",5112,Stocks,1072,Geese and guinea fowls,1980,1980,1000 Head,49000,F,FAO estimate
QA,Live Animals,41,"China, mainland",5112,Stocks,1072,Geese and guinea fowls,1981,1981,1000 Head,51000,F,FAO estimate
QA,Live Animals,41,"China, mainland",5112,Stocks,1072,Geese and guinea fowls,1982,1982,1000 Head,53000,F,FAO estimate
QA,Live Animals,41,"China, mainland",5112,Stocks,1072,Geese and guinea fowls,1983,1983,1000 Head,55000,F,FAO estimate
QA,Live Animals,41,"China, mainland",5112,Stocks,1072,Geese and guinea fowls,1984,1984,1000 Head,56000,F,FAO estimate
QA,Live Animals,41,"China, mainland",5112,Stocks,1072,Geese and guinea fowls,1985,1985,1000 Head,59000,F,FAO estimate
QA,Live Animals,41,"China, mainland",5112,Stocks,1072,Geese and guinea fowls,1986,1986,1000 Head,66000,F,FAO estimate
QA,Live Animals,41,"China, mainland",5112,Stocks,1072,Geese and guinea fowls,1987,1987,1000 Head,75000,F,FAO estimate
QA,Live Animals,41,"China, mainland",5112,Stocks,1072,Geese and guinea fowls,1988,1988,1000 Head,86000,F,FAO estimate
QA,Live Animals,41,"China, mainland",5112,Stocks,1072,Geese and guinea fowls,1989,1989,1000 Head,90000,F,FAO estimate
QA,Live Animals,41,"China, mainland",5112,Stocks,1072,Geese and guinea fowls,1990,1990,1000 Head,103000,F,FAO estimate
QA,Live Animals,41,"China, mainland",5112,Stocks,1072,Geese and guinea fowls,1991,1991,1000 Head,120000,,Official data
QA,Live Animals,41,"China, mainland",5112,Stocks,1072,Geese and guinea fowls,1992,1992,1000 Head,130000,,Official data
QA,Live Animals,41,"China, mainland",5112,Stocks,1072,Geese and guinea fowls,1993,1993,1000 Head,160000,F,FAO estimate
QA,Live Animals,41,"China, mainland",5112,Stocks,1072,Geese and guinea fowls,1994,1994,1000 Head,175000,F,FAO estimate
QA,Live Animals,41,"China, mainland",5112,Stocks,1072,Geese and guinea fowls,1995,1995,1000 Head,199500,*,Unofficial figure
QA,Live Animals,41,"China, mainland",5112,Stocks,1072,Geese and guinea fowls,1996,1996,1000 Head,185000,*,Unofficial figure
QA,Live Animals,41,"China, mainland",5112,Stocks,1072,Geese and guinea fowls,1997,1997,1000 Head,212400,*,Unofficial figure
QA,Live Animals,41,"China, mainland",5112,Stocks,1072,Geese and guinea fowls,1998,1998,1000 Head,177000,F,FAO estimate
QA,Live Animals,41,"China, mainland",5112,Stocks,1072,Geese and guinea fowls,1999,1999,1000 Head,185000,F,FAO estimate
QA,Live Animals,41,"China, mainland",5112,Stocks,1072,Geese and guinea fowls,2000,2000,1000 Head,200000,F,FAO estimate
QA,Live Animals,41,"China, mainland",5112,Stocks,1072,Geese and guinea fowls,2001,2001,1000 Head,205000,F,FAO estimate
QA,Live Animals,41,"China, mainland",5112,Stocks,1072,Geese and guinea fowls,2002,2002,1000 Head,232506,*,Unofficial figure
QA,Live Animals,41,"China, mainland",5112,Stocks,1072,Geese and guinea fowls,2003,2003,1000 Head,225230,*,Unofficial figure
QA,Live Animals,41,"China, mainland",5112,Stocks,1072,Geese and guinea fowls,2004,2004,1000 Head,258121,*,Unofficial figure
QA,Live Animals,41,"China, mainland",5112,Stocks,1072,Geese and guinea fowls,2005,2005,1000 Head,275000,*,Unofficial figure
QA,Live Animals,41,"China, mainland",5112,Stocks,1072,Geese and guinea fowls,2006,2006,1000 Head,290000,*,Unofficial figure
QA,Live Animals,41,"China, mainland",5112,Stocks,1072,Geese and guinea fowls,2007,2007,1000 Head,240000,*,Unofficial figure
QA,Live Animals,41,"China, mainland",5112,Stocks,1072,Geese and guinea fowls,2008,2008,1000 Head,300000,*,Unofficial figure
QA,Live Animals,41,"China, mainland",5112,Stocks,1072,Geese and guinea fowls,2009,2009,1000 Head,313000,*,Unofficial figure
QA,Live Animals,41,"China, mainland",5112,Stocks,1072,Geese and guinea fowls,2010,2010,1000 Head,325000,F,FAO estimate
QA,Live Animals,41,"China, mainland",5112,Stocks,1072,Geese and guinea fowls,2011,2011,1000 Head,277827,*,Unofficial figure
QA,Live Animals,41,"China, mainland",5112,Stocks,1072,Geese and guinea fowls,2012,2012,1000 Head,290220,*,Unofficial figure
QA,Live Animals,41,"China, mainland",5112,Stocks,1072,Geese and guinea fowls,2013,2013,1000 Head,285330,*,Unofficial figure
QA,Live Animals,41,"China, mainland",5112,Stocks,1072,Geese and guinea fowls,2014,2014,1000 Head,273450,*,Unofficial figure
QA,Live Animals,41,"China, mainland",5112,Stocks,1072,Geese and guinea fowls,2015,2015,1000 Head,287908,Im,FAO data based on imputation methodology
QA,Live Animals,41,"China, mainland",5112,Stocks,1072,Geese and guinea fowls,2016,2016,1000 Head,307891,Im,FAO data based on imputation methodology
QA,Live Animals,41,"China, mainland",5112,Stocks,1072,Geese and guinea fowls,2017,2017,1000 Head,305893,Im,FAO data based on imputation methodology
QA,Live Animals,41,"China, mainland",5111,Stocks,1016,Goats,1961,1961,Head,51170000,,Official data
QA,Live Animals,41,"China, mainland",5111,Stocks,1016,Goats,1962,1962,Head,63120000,,Official data
QA,Live Animals,41,"China, mainland",5111,Stocks,1016,Goats,1963,1963,Head,70530000,,Official data
QA,Live Animals,41,"China, mainland",5111,Stocks,1016,Goats,1964,1964,Head,67730000,,Official data
QA,Live Animals,41,"China, mainland",5111,Stocks,1016,Goats,1965,1965,Head,62240000,,Official data
QA,Live Animals,41,"China, mainland",5111,Stocks,1016,Goats,1966,1966,Head,60765008,,Official data
QA,Live Animals,41,"China, mainland",5111,Stocks,1016,Goats,1967,1967,Head,60300000,*,Unofficial figure
QA,Live Animals,41,"China, mainland",5111,Stocks,1016,Goats,1968,1968,Head,62000000,*,Unofficial figure
QA,Live Animals,41,"China, mainland",5111,Stocks,1016,Goats,1969,1969,Head,62000000,*,Unofficial figure
QA,Live Animals,41,"China, mainland",5111,Stocks,1016,Goats,1970,1970,Head,60500000,*,Unofficial figure
QA,Live Animals,41,"China, mainland",5111,Stocks,1016,Goats,1971,1971,Head,61410000,,Official data
QA,Live Animals,41,"China, mainland",5111,Stocks,1016,Goats,1972,1972,Head,62780000,,Official data
QA,Live Animals,41,"China, mainland",5111,Stocks,1016,Goats,1973,1973,Head,61340000,,Official data
QA,Live Animals,41,"China, mainland",5111,Stocks,1016,Goats,1974,1974,Head,64100000,,Official data
QA,Live Animals,41,"China, mainland",5111,Stocks,1016,Goats,1975,1975,Head,66170000,,Official data
QA,Live Animals,41,"China, mainland",5111,Stocks,1016,Goats,1976,1976,Head,68040000,,Official data
QA,Live Animals,41,"China, mainland",5111,Stocks,1016,Goats,1977,1977,Head,65465008,,Official data
QA,Live Animals,41,"China, mainland",5111,Stocks,1016,Goats,1978,1978,Head,67824000,,Official data
QA,Live Animals,41,"China, mainland",5111,Stocks,1016,Goats,1979,1979,Head,73540000,,Official data
QA,Live Animals,41,"China, mainland",5111,Stocks,1016,Goats,1980,1980,Head,80574000,,Official data
QA,Live Animals,41,"China, mainland",5111,Stocks,1016,Goats,1981,1981,Head,80684000,,Official data
QA,Live Animals,41,"China, mainland",5111,Stocks,1016,Goats,1982,1982,Head,78260000,,Official data
QA,Live Animals,41,"China, mainland",5111,Stocks,1016,Goats,1983,1983,Head,75220000,,Official data
QA,Live Animals,41,"China, mainland",5111,Stocks,1016,Goats,1984,1984,Head,68035008,,Official data
QA,Live Animals,41,"China, mainland",5111,Stocks,1016,Goats,1985,1985,Head,63207008,,Official data
QA,Live Animals,41,"China, mainland",5111,Stocks,1016,Goats,1986,1986,Head,61674000,,Official data
QA,Live Animals,41,"China, mainland",5111,Stocks,1016,Goats,1987,1987,Head,67220000,,Official data
QA,Live Animals,41,"China, mainland",5111,Stocks,1016,Goats,1988,1988,Head,76910000,*,Unofficial figure
QA,Live Animals,41,"China, mainland",5111,Stocks,1016,Goats,1989,1989,Head,90046440,*,Unofficial figure
QA,Live Animals,41,"China, mainland",5111,Stocks,1016,Goats,1990,1990,Head,96171000,*,Unofficial figure
QA,Live Animals,41,"China, mainland",5111,Stocks,1016,Goats,1991,1991,Head,97205000,,Official data
QA,Live Animals,41,"China, mainland",5111,Stocks,1016,Goats,1992,1992,Head,95355000,,Official data
QA,Live Animals,41,"China, mainland",5111,Stocks,1016,Goats,1993,1993,Head,97610000,,Official data
QA,Live Animals,41,"China, mainland",5111,Stocks,1016,Goats,1994,1994,Head,105696000,,Official data
QA,Live Animals,41,"China, mainland",5111,Stocks,1016,Goats,1995,1995,Head,123083100,,Official data
QA,Live Animals,41,"China, mainland",5111,Stocks,1016,Goats,1996,1996,Head,149592800,,Official data
QA,Live Animals,41,"China, mainland",5111,Stocks,1016,Goats,1997,1997,Head,123158000,,Official data
QA,Live Animals,41,"China, mainland",5111,Stocks,1016,Goats,1998,1998,Head,134801000,,Official data
QA,Live Animals,41,"China, mainland",5111,Stocks,1016,Goats,1999,1999,Head,141683000,,Official data
QA,Live Animals,41,"China, mainland",5111,Stocks,1016,Goats,2000,2000,Head,148163000,,Official data
QA,Live Animals,41,"China, mainland",5111,Stocks,1016,Goats,2001,2001,Head,149456000,,Official data
QA,Live Animals,41,"China, mainland",5111,Stocks,1016,Goats,2002,2002,Head,145623000,,Official data
QA,Live Animals,41,"China, mainland",5111,Stocks,1016,Goats,2003,2003,Head,148412000,,Official data
QA,Live Animals,41,"China, mainland",5111,Stocks,1016,Goats,2004,2004,Head,149679000,,Official data
QA,Live Animals,41,"China, mainland",5111,Stocks,1016,Goats,2005,2005,Head,151955000,,Official data
QA,Live Animals,41,"China, mainland",5111,Stocks,1016,Goats,2006,2006,Head,146590000,,Official data
QA,Live Animals,41,"China, mainland",5111,Stocks,1016,Goats,2007,2007,Head,137680000,,Official data
QA,Live Animals,41,"China, mainland",5111,Stocks,1016,Goats,2008,2008,Head,143365000,,Official data
QA,Live Animals,41,"China, mainland",5111,Stocks,1016,Goats,2009,2009,Head,152292000,,Official data
QA,Live Animals,41,"China, mainland",5111,Stocks,1016,Goats,2010,2010,Head,150501000,,Official data
QA,Live Animals,41,"China, mainland",5111,Stocks,1016,Goats,2011,2011,Head,142039000,,Official data
QA,Live Animals,41,"China, mainland",5111,Stocks,1016,Goats,2012,2012,Head,142742400,,Official data
QA,Live Animals,41,"China, mainland",5111,Stocks,1016,Goats,2013,2013,Head,141361500,,Official data
QA,Live Animals,41,"China, mainland",5111,Stocks,1016,Goats,2014,2014,Head,140345400,,Official data
QA,Live Animals,41,"China, mainland",5111,Stocks,1016,Goats,2015,2015,Head,144659200,,Official data
QA,Live Animals,41,"China, mainland",5111,Stocks,1016,Goats,2016,2016,Head,148934400,,Official data
QA,Live Animals,41,"China, mainland",5111,Stocks,1016,Goats,2017,2017,Head,139769400,,Official data
QA,Live Animals,41,"China, mainland",5111,Stocks,1096,Horses,1961,1961,Head,6585000,,Official data
QA,Live Animals,41,"China, mainland",5111,Stocks,1096,Horses,1962,1962,Head,6211000,,Official data
QA,Live Animals,41,"China, mainland",5111,Stocks,1096,Horses,1963,1963,Head,6320000,,Official data
QA,Live Animals,41,"China, mainland",5111,Stocks,1096,Horses,1964,1964,Head,6865000,,Official data
QA,Live Animals,41,"China, mainland",5111,Stocks,1096,Horses,1965,1965,Head,7394000,,Official data
QA,Live Animals,41,"China, mainland",5111,Stocks,1096,Horses,1966,1966,Head,7921000,,Official data
QA,Live Animals,41,"China, mainland",5111,Stocks,1096,Horses,1967,1967,Head,8200000,F,FAO estimate
QA,Live Animals,41,"China, mainland",5111,Stocks,1096,Horses,1968,1968,Head,8500000,F,FAO estimate
QA,Live Animals,41,"China, mainland",5111,Stocks,1096,Horses,1969,1969,Head,8800000,F,FAO estimate
QA,Live Animals,41,"China, mainland",5111,Stocks,1096,Horses,1970,1970,Head,9200000,F,FAO estimate
QA,Live Animals,41,"China, mainland",5111,Stocks,1096,Horses,1971,1971,Head,9648000,,Official data
QA,Live Animals,41,"China, mainland",5111,Stocks,1096,Horses,1972,1972,Head,9926000,,Official data
QA,Live Animals,41,"China, mainland",5111,Stocks,1096,Horses,1973,1973,Head,10341000,,Official data
QA,Live Animals,41,"China, mainland",5111,Stocks,1096,Horses,1974,1974,Head,10730000,,Official data
QA,Live Animals,41,"China, mainland",5111,Stocks,1096,Horses,1975,1975,Head,11103000,,Official data
QA,Live Animals,41,"China, mainland",5111,Stocks,1096,Horses,1976,1976,Head,11299000,,Official data
QA,Live Animals,41,"China, mainland",5111,Stocks,1096,Horses,1977,1977,Head,11438000,,Official data
QA,Live Animals,41,"China, mainland",5111,Stocks,1096,Horses,1978,1978,Head,11447000,,Official data
QA,Live Animals,41,"China, mainland",5111,Stocks,1096,Horses,1979,1979,Head,11245000,,Official data
QA,Live Animals,41,"China, mainland",5111,Stocks,1096,Horses,1980,1980,Head,11145000,,Official data
QA,Live Animals,41,"China, mainland",5111,Stocks,1096,Horses,1981,1981,Head,11042000,,Official data
QA,Live Animals,41,"China, mainland",5111,Stocks,1096,Horses,1982,1982,Head,10972000,,Official data
QA,Live Animals,41,"China, mainland",5111,Stocks,1096,Horses,1983,1983,Head,10981000,,Official data
QA,Live Animals,41,"China, mainland",5111,Stocks,1096,Horses,1984,1984,Head,10806000,,Official data
QA,Live Animals,41,"China, mainland",5111,Stocks,1096,Horses,1985,1985,Head,10978000,,Official data
QA,Live Animals,41,"China, mainland",5111,Stocks,1096,Horses,1986,1986,Head,11081000,,Official data
QA,Live Animals,41,"China, mainland",5111,Stocks,1096,Horses,1987,1987,Head,10988000,,Official data
QA,Live Animals,41,"China, mainland",5111,Stocks,1096,Horses,1988,1988,Head,10691000,,Official data
QA,Live Animals,41,"China, mainland",5111,Stocks,1096,Horses,1989,1989,Head,10540000,,Official data
QA,Live Animals,41,"China, mainland",5111,Stocks,1096,Horses,1990,1990,Head,10294000,,Official data
QA,Live Animals,41,"China, mainland",5111,Stocks,1096,Horses,1991,1991,Head,10174000,,Official data
QA,Live Animals,41,"China, mainland",5111,Stocks,1096,Horses,1992,1992,Head,10094000,,Official data
QA,Live Animals,41,"China, mainland",5111,Stocks,1096,Horses,1993,1993,Head,10017000,,Official data
QA,Live Animals,41,"China, mainland",5111,Stocks,1096,Horses,1994,1994,Head,9959000,,Official data
QA,Live Animals,41,"China, mainland",5111,Stocks,1096,Horses,1995,1995,Head,10037300,,Official data
QA,Live Animals,41,"China, mainland",5111,Stocks,1096,Horses,1996,1996,Head,10072000,,Official data
QA,Live Animals,41,"China, mainland",5111,Stocks,1096,Horses,1997,1997,Head,8715000,,Official data
QA,Live Animals,41,"China, mainland",5111,Stocks,1096,Horses,1998,1998,Head,8912000,,Official data
QA,Live Animals,41,"China, mainland",5111,Stocks,1096,Horses,1999,1999,Head,8981000,,Official data
QA,Live Animals,41,"China, mainland",5111,Stocks,1096,Horses,2000,2000,Head,8914000,,Official data
QA,Live Animals,41,"China, mainland",5111,Stocks,1096,Horses,2001,2001,Head,8766000,,Official data
QA,Live Animals,41,"China, mainland",5111,Stocks,1096,Horses,2002,2002,Head,8260000,,Official data
QA,Live Animals,41,"China, mainland",5111,Stocks,1096,Horses,2003,2003,Head,8088000,,Official data
QA,Live Animals,41,"China, mainland",5111,Stocks,1096,Horses,2004,2004,Head,7900000,,Official data
QA,Live Animals,41,"China, mainland",5111,Stocks,1096,Horses,2005,2005,Head,7639000,,Official data
QA,Live Animals,41,"China, mainland",5111,Stocks,1096,Horses,2006,2006,Head,7399600,,Official data
QA,Live Animals,41,"China, mainland",5111,Stocks,1096,Horses,2007,2007,Head,7195000,,Official data
QA,Live Animals,41,"China, mainland",5111,Stocks,1096,Horses,2008,2008,Head,7028000,,Official data
QA,Live Animals,41,"China, mainland",5111,Stocks,1096,Horses,2009,2009,Head,6821000,,Official data
QA,Live Animals,41,"China, mainland",5111,Stocks,1096,Horses,2010,2010,Head,6785000,,Official data
QA,Live Animals,41,"China, mainland",5111,Stocks,1096,Horses,2011,2011,Head,6771000,,Official data
QA,Live Animals,41,"China, mainland",5111,Stocks,1096,Horses,2012,2012,Head,6709000,,Official data
QA,Live Animals,41,"China, mainland",5111,Stocks,1096,Horses,2013,2013,Head,6334800,,Official data
QA,Live Animals,41,"China, mainland",5111,Stocks,1096,Horses,2014,2014,Head,6027400,,Official data
QA,Live Animals,41,"China, mainland",5111,Stocks,1096,Horses,2015,2015,Head,6043300,,Official data
QA,Live Animals,41,"China, mainland",5111,Stocks,1096,Horses,2016,2016,Head,5908400,,Official data
QA,Live Animals,41,"China, mainland",5111,Stocks,1096,Horses,2017,2017,Head,5507400,,Official data
QA,Live Animals,41,"China, mainland",5111,Stocks,1110,Mules,1961,1961,Head,1427000,,Official data
QA,Live Animals,41,"China, mainland",5111,Stocks,1110,Mules,1962,1962,Head,1332000,,Official data
QA,Live Animals,41,"China, mainland",5111,Stocks,1110,Mules,1963,1963,Head,1324000,,Official data
QA,Live Animals,41,"China, mainland",5111,Stocks,1110,Mules,1964,1964,Head,1355000,,Official data
QA,Live Animals,41,"China, mainland",5111,Stocks,1110,Mules,1965,1965,Head,1403000,,Official data
QA,Live Animals,41,"China, mainland",5111,Stocks,1110,Mules,1966,1966,Head,1447000,,Official data
QA,Live Animals,41,"China, mainland",5111,Stocks,1110,Mules,1967,1967,Head,1500000,F,FAO estimate
QA,Live Animals,41,"China, mainland",5111,Stocks,1110,Mules,1968,1968,Head,1700000,F,FAO estimate
QA,Live Animals,41,"China, mainland",5111,Stocks,1110,Mules,1969,1969,Head,1900000,F,FAO estimate
QA,Live Animals,41,"China, mainland",5111,Stocks,1110,Mules,1970,1970,Head,2100000,F,FAO estimate
QA,Live Animals,41,"China, mainland",5111,Stocks,1110,Mules,1971,1971,Head,2245000,,Official data
QA,Live Animals,41,"China, mainland",5111,Stocks,1110,Mules,1972,1972,Head,2444000,,Official data
QA,Live Animals,41,"China, mainland",5111,Stocks,1110,Mules,1973,1973,Head,2682000,,Official data
QA,Live Animals,41,"China, mainland",5111,Stocks,1110,Mules,1974,1974,Head,2923000,,Official data
QA,Live Animals,41,"China, mainland",5111,Stocks,1110,Mules,1975,1975,Head,3139000,,Official data
QA,Live Animals,41,"China, mainland",5111,Stocks,1110,Mules,1976,1976,Head,3354000,,Official data
QA,Live Animals,41,"China, mainland",5111,Stocks,1110,Mules,1977,1977,Head,3536000,,Official data
QA,Live Animals,41,"China, mainland",5111,Stocks,1110,Mules,1978,1978,Head,3715000,,Official data
QA,Live Animals,41,"China, mainland",5111,Stocks,1110,Mules,1979,1979,Head,3868000,,Official data
QA,Live Animals,41,"China, mainland",5111,Stocks,1110,Mules,1980,1980,Head,4023000,,Official data
QA,Live Animals,41,"China, mainland",5111,Stocks,1110,Mules,1981,1981,Head,4166000,,Official data
QA,Live Animals,41,"China, mainland",5111,Stocks,1110,Mules,1982,1982,Head,4325000,,Official data
QA,Live Animals,41,"China, mainland",5111,Stocks,1110,Mules,1983,1983,Head,4464000,,Official data
QA,Live Animals,41,"China, mainland",5111,Stocks,1110,Mules,1984,1984,Head,4593000,,Official data
QA,Live Animals,41,"China, mainland",5111,Stocks,1110,Mules,1985,1985,Head,4790000,,Official data
QA,Live Animals,41,"China, mainland",5111,Stocks,1110,Mules,1986,1986,Head,4972000,,Official data
QA,Live Animals,41,"China, mainland",5111,Stocks,1110,Mules,1987,1987,Head,5113000,,Official data
QA,Live Animals,41,"China, mainland",5111,Stocks,1110,Mules,1988,1988,Head,5248000,,Official data
QA,Live Animals,41,"China, mainland",5111,Stocks,1110,Mules,1989,1989,Head,5366000,,Official data
QA,Live Animals,41,"China, mainland",5111,Stocks,1110,Mules,1990,1990,Head,5391000,,Official data
QA,Live Animals,41,"China, mainland",5111,Stocks,1110,Mules,1991,1991,Head,5494000,,Official data
QA,Live Animals,41,"China, mainland",5111,Stocks,1110,Mules,1992,1992,Head,5606000,,Official data
QA,Live Animals,41,"China, mainland",5111,Stocks,1110,Mules,1993,1993,Head,5610000,,Official data
QA,Live Animals,41,"China, mainland",5111,Stocks,1110,Mules,1994,1994,Head,5498000,,Official data
QA,Live Animals,41,"China, mainland",5111,Stocks,1110,Mules,1995,1995,Head,5552000,,Official data
QA,Live Animals,41,"China, mainland",5111,Stocks,1110,Mules,1996,1996,Head,5389000,,Official data
QA,Live Animals,41,"China, mainland",5111,Stocks,1110,Mules,1997,1997,Head,4780000,,Official data
QA,Live Animals,41,"China, mainland",5111,Stocks,1110,Mules,1998,1998,Head,4806000,,Official data
QA,Live Animals,41,"China, mainland",5111,Stocks,1110,Mules,1999,1999,Head,4739000,,Official data
QA,Live Animals,41,"China, mainland",5111,Stocks,1110,Mules,2000,2000,Head,4673000,,Official data
QA,Live Animals,41,"China, mainland",5111,Stocks,1110,Mules,2001,2001,Head,4530000,,Official data
QA,Live Animals,41,"China, mainland",5111,Stocks,1110,Mules,2002,2002,Head,4362000,,Official data
QA,Live Animals,41,"China, mainland",5111,Stocks,1110,Mules,2003,2003,Head,4194000,,Official data
QA,Live Animals,41,"China, mainland",5111,Stocks,1110,Mules,2004,2004,Head,3957000,,Official data
QA,Live Animals,41,"China, mainland",5111,Stocks,1110,Mules,2005,2005,Head,3739500,,Official data
QA,Live Animals,41,"China, mainland",5111,Stocks,1110,Mules,2006,2006,Head,3604000,,Official data
QA,Live Animals,41,"China, mainland",5111,Stocks,1110,Mules,2007,2007,Head,3451000,,Official data
QA,Live Animals,41,"China, mainland",5111,Stocks,1110,Mules,2008,2008,Head,2985000,,Official data
QA,Live Animals,41,"China, mainland",5111,Stocks,1110,Mules,2009,2009,Head,2955000,,Official data
QA,Live Animals,41,"China, mainland",5111,Stocks,1110,Mules,2010,2010,Head,2793000,,Official data
QA,Live Animals,41,"China, mainland",5111,Stocks,1110,Mules,2011,2011,Head,2697000,,Official data
QA,Live Animals,41,"China, mainland",5111,Stocks,1110,Mules,2012,2012,Head,2598000,,Official data
QA,Live Animals,41,"China, mainland",5111,Stocks,1110,Mules,2013,2013,Head,2492000,,Official data
QA,Live Animals,41,"China, mainland",5111,Stocks,1110,Mules,2014,2014,Head,2303500,,Official data
QA,Live Animals,41,"China, mainland",5111,Stocks,1110,Mules,2015,2015,Head,2245600,,Official data
QA,Live Animals,41,"China, mainland",5111,Stocks,1110,Mules,2016,2016,Head,2099500,,Official data
QA,Live Animals,41,"China, mainland",5111,Stocks,1110,Mules,2017,2017,Head,1928600,,Official data
QA,Live Animals,41,"China, mainland",5111,Stocks,1034,Pigs,1961,1961,Head,82270000,,Official data
QA,Live Animals,41,"China, mainland",5111,Stocks,1034,Pigs,1962,1962,Head,75520000,,Official data
QA,Live Animals,41,"China, mainland",5111,Stocks,1034,Pigs,1963,1963,Head,99970000,,Official data
QA,Live Animals,41,"China, mainland",5111,Stocks,1034,Pigs,1964,1964,Head,131800000,,Official data
QA,Live Animals,41,"China, mainland",5111,Stocks,1034,Pigs,1965,1965,Head,152470000,,Official data
QA,Live Animals,41,"China, mainland",5111,Stocks,1034,Pigs,1966,1966,Head,166925008,,Official data
QA,Live Animals,41,"China, mainland",5111,Stocks,1034,Pigs,1967,1967,Head,193360000,,Official data
QA,Live Animals,41,"China, mainland",5111,Stocks,1034,Pigs,1968,1968,Head,190060000,,Official data
QA,Live Animals,41,"China, mainland",5111,Stocks,1034,Pigs,1969,1969,Head,178630000,,Official data
QA,Live Animals,41,"China, mainland",5111,Stocks,1034,Pigs,1970,1970,Head,172510000,,Official data
QA,Live Animals,41,"China, mainland",5111,Stocks,1034,Pigs,1971,1971,Head,206101008,,Official data
QA,Live Animals,41,"China, mainland",5111,Stocks,1034,Pigs,1972,1972,Head,250350000,,Official data
QA,Live Animals,41,"China, mainland",5111,Stocks,1034,Pigs,1973,1973,Head,263680000,,Official data
QA,Live Animals,41,"China, mainland",5111,Stocks,1034,Pigs,1974,1974,Head,257940000,,Official data
QA,Live Animals,41,"China, mainland",5111,Stocks,1034,Pigs,1975,1975,Head,260780000,,Official data
QA,Live Animals,41,"China, mainland",5111,Stocks,1034,Pigs,1976,1976,Head,281169920,,Official data
QA,Live Animals,41,"China, mainland",5111,Stocks,1034,Pigs,1977,1977,Head,287247104,,Official data
QA,Live Animals,41,"China, mainland",5111,Stocks,1034,Pigs,1978,1978,Head,291777024,,Official data
QA,Live Animals,41,"China, mainland",5111,Stocks,1034,Pigs,1979,1979,Head,301285120,,Official data
QA,Live Animals,41,"China, mainland",5111,Stocks,1034,Pigs,1980,1980,Head,319705088,,Official data
QA,Live Animals,41,"China, mainland",5111,Stocks,1034,Pigs,1981,1981,Head,305431040,,Official data
QA,Live Animals,41,"China, mainland",5111,Stocks,1034,Pigs,1982,1982,Head,293700096,,Official data
QA,Live Animals,41,"China, mainland",5111,Stocks,1034,Pigs,1983,1983,Head,300780032,,Official data
QA,Live Animals,41,"China, mainland",5111,Stocks,1034,Pigs,1984,1984,Head,298535936,,Official data
QA,Live Animals,41,"China, mainland",5111,Stocks,1034,Pigs,1985,1985,Head,306791936,,Official data
QA,Live Animals,41,"China, mainland",5111,Stocks,1034,Pigs,1986,1986,Head,331396096,,Official data
QA,Live Animals,41,"China, mainland",5111,Stocks,1034,Pigs,1987,1987,Head,337190912,,Official data
QA,Live Animals,41,"China, mainland",5111,Stocks,1034,Pigs,1988,1988,Head,324456000,*,Unofficial figure
QA,Live Animals,41,"China, mainland",5111,Stocks,1034,Pigs,1989,1989,Head,338795800,*,Unofficial figure
QA,Live Animals,41,"China, mainland",5111,Stocks,1034,Pigs,1990,1990,Head,345754816,*,Unofficial figure
QA,Live Animals,41,"China, mainland",5111,Stocks,1034,Pigs,1991,1991,Head,362408000,,Official data
QA,Live Animals,41,"China, mainland",5111,Stocks,1034,Pigs,1992,1992,Head,369646000,,Official data
QA,Live Animals,41,"China, mainland",5111,Stocks,1034,Pigs,1993,1993,Head,384211000,,Official data
QA,Live Animals,41,"China, mainland",5111,Stocks,1034,Pigs,1994,1994,Head,393001000,,Official data
QA,Live Animals,41,"China, mainland",5111,Stocks,1034,Pigs,1995,1995,Head,414615400,,Official data
QA,Live Animals,41,"China, mainland",5111,Stocks,1034,Pigs,1996,1996,Head,441691900,,Official data
QA,Live Animals,41,"China, mainland",5111,Stocks,1034,Pigs,1997,1997,Head,362836000,,Official data
QA,Live Animals,41,"China, mainland",5111,Stocks,1034,Pigs,1998,1998,Head,400348000,,Official data
QA,Live Animals,41,"China, mainland",5111,Stocks,1034,Pigs,1999,1999,Head,422563000,,Official data
QA,Live Animals,41,"China, mainland",5111,Stocks,1034,Pigs,2000,2000,Head,431442000,,Official data
QA,Live Animals,41,"China, mainland",5111,Stocks,1034,Pigs,2001,2001,Head,416336000,,Official data
QA,Live Animals,41,"China, mainland",5111,Stocks,1034,Pigs,2002,2002,Head,419505000,,Official data
QA,Live Animals,41,"China, mainland",5111,Stocks,1034,Pigs,2003,2003,Head,417762000,,Official data
QA,Live Animals,41,"China, mainland",5111,Stocks,1034,Pigs,2004,2004,Head,413818000,,Official data
QA,Live Animals,41,"China, mainland",5111,Stocks,1034,Pigs,2005,2005,Head,421234000,,Official data
QA,Live Animals,41,"China, mainland",5111,Stocks,1034,Pigs,2006,2006,Head,433191008,,Official data
QA,Live Animals,41,"China, mainland",5111,Stocks,1034,Pigs,2007,2007,Head,418504000,,Official data
QA,Live Animals,41,"China, mainland",5111,Stocks,1034,Pigs,2008,2008,Head,439895008,,Official data
QA,Live Animals,41,"China, mainland",5111,Stocks,1034,Pigs,2009,2009,Head,462913000,,Official data
QA,Live Animals,41,"China, mainland",5111,Stocks,1034,Pigs,2010,2010,Head,469960000,,Official data
QA,Live Animals,41,"China, mainland",5111,Stocks,1034,Pigs,2011,2011,Head,464600000,,Official data
QA,Live Animals,41,"China, mainland",5111,Stocks,1034,Pigs,2012,2012,Head,468627300,,Official data
QA,Live Animals,41,"China, mainland",5111,Stocks,1034,Pigs,2013,2013,Head,475922000,,Official data
QA,Live Animals,41,"China, mainland",5111,Stocks,1034,Pigs,2014,2014,Head,474112600,,Official data
QA,Live Animals,41,"China, mainland",5111,Stocks,1034,Pigs,2015,2015,Head,465827400,,Official data
QA,Live Animals,41,"China, mainland",5111,Stocks,1034,Pigs,2016,2016,Head,451125000,,Official data
QA,Live Animals,41,"China, mainland",5111,Stocks,1034,Pigs,2017,2017,Head,435037100,,Official data
QA,Live Animals,41,"China, mainland",5112,Stocks,1140,Rabbits and hares,1961,1961,1000 Head,16000,F,FAO estimate
QA,Live Animals,41,"China, mainland",5112,Stocks,1140,Rabbits and hares,1962,1962,1000 Head,18000,F,FAO estimate
QA,Live Animals,41,"China, mainland",5112,Stocks,1140,Rabbits and hares,1963,1963,1000 Head,20000,F,FAO estimate
QA,Live Animals,41,"China, mainland",5112,Stocks,1140,Rabbits and hares,1964,1964,1000 Head,22000,F,FAO estimate
QA,Live Animals,41,"China, mainland",5112,Stocks,1140,Rabbits and hares,1965,1965,1000 Head,23000,F,FAO estimate
QA,Live Animals,41,"China, mainland",5112,Stocks,1140,Rabbits and hares,1966,1966,1000 Head,24000,F,FAO estimate
QA,Live Animals,41,"China, mainland",5112,Stocks,1140,Rabbits and hares,1967,1967,1000 Head,26000,F,FAO estimate
QA,Live Animals,41,"China, mainland",5112,Stocks,1140,Rabbits and hares,1968,1968,1000 Head,28000,F,FAO estimate
QA,Live Animals,41,"China, mainland",5112,Stocks,1140,Rabbits and hares,1969,1969,1000 Head,30000,F,FAO estimate
QA,Live Animals,41,"China, mainland",5112,Stocks,1140,Rabbits and hares,1970,1970,1000 Head,32000,F,FAO estimate
QA,Live Animals,41,"China, mainland",5112,Stocks,1140,Rabbits and hares,1971,1971,1000 Head,33000,F,FAO estimate
QA,Live Animals,41,"China, mainland",5112,Stocks,1140,Rabbits and hares,1972,1972,1000 Head,35000,F,FAO estimate
QA,Live Animals,41,"China, mainland",5112,Stocks,1140,Rabbits and hares,1973,1973,1000 Head,37000,F,FAO estimate
QA,Live Animals,41,"China, mainland",5112,Stocks,1140,Rabbits and hares,1974,1974,1000 Head,39000,F,FAO estimate
QA,Live Animals,41,"China, mainland",5112,Stocks,1140,Rabbits and hares,1975,1975,1000 Head,41000,F,FAO estimate
QA,Live Animals,41,"China, mainland",5112,Stocks,1140,Rabbits and hares,1976,1976,1000 Head,43000,F,FAO estimate
QA,Live Animals,41,"China, mainland",5112,Stocks,1140,Rabbits and hares,1977,1977,1000 Head,45000,F,FAO estimate
QA,Live Animals,41,"China, mainland",5112,Stocks,1140,Rabbits and hares,1978,1978,1000 Head,45000,F,FAO estimate
QA,Live Animals,41,"China, mainland",5112,Stocks,1140,Rabbits and hares,1979,1979,1000 Head,50000,F,FAO estimate
QA,Live Animals,41,"China, mainland",5112,Stocks,1140,Rabbits and hares,1980,1980,1000 Head,52000,F,FAO estimate
QA,Live Animals,41,"China, mainland",5112,Stocks,1140,Rabbits and hares,1981,1981,1000 Head,54000,F,FAO estimate
QA,Live Animals,41,"China, mainland",5112,Stocks,1140,Rabbits and hares,1982,1982,1000 Head,58000,F,FAO estimate
QA,Live Animals,41,"China, mainland",5112,Stocks,1140,Rabbits and hares,1983,1983,1000 Head,63000,F,FAO estimate
QA,Live Animals,41,"China, mainland",5112,Stocks,1140,Rabbits and hares,1984,1984,1000 Head,66000,F,FAO estimate
QA,Live Animals,41,"China, mainland",5112,Stocks,1140,Rabbits and hares,1985,1985,1000 Head,68987,,Official data
QA,Live Animals,41,"China, mainland",5112,Stocks,1140,Rabbits and hares,1986,1986,1000 Head,101797,,Official data
QA,Live Animals,41,"China, mainland",5112,Stocks,1140,Rabbits and hares,1987,1987,1000 Head,139000,F,FAO estimate
QA,Live Animals,41,"China, mainland",5112,Stocks,1140,Rabbits and hares,1988,1988,1000 Head,145000,F,FAO estimate
QA,Live Animals,41,"China, mainland",5112,Stocks,1140,Rabbits and hares,1989,1989,1000 Head,150000,F,FAO estimate
QA,Live Animals,41,"China, mainland",5112,Stocks,1140,Rabbits and hares,1990,1990,1000 Head,155000,F,FAO estimate
QA,Live Animals,41,"China, mainland",5112,Stocks,1140,Rabbits and hares,1991,1991,1000 Head,162000,F,FAO estimate
QA,Live Animals,41,"China, mainland",5112,Stocks,1140,Rabbits and hares,1992,1992,1000 Head,165000,F,FAO estimate
QA,Live Animals,41,"China, mainland",5112,Stocks,1140,Rabbits and hares,1993,1993,1000 Head,175000,F,FAO estimate
QA,Live Animals,41,"China, mainland",5112,Stocks,1140,Rabbits and hares,1994,1994,1000 Head,185000,F,FAO estimate
QA,Live Animals,41,"China, mainland",5112,Stocks,1140,Rabbits and hares,1995,1995,1000 Head,149382,,Official data
QA,Live Animals,41,"China, mainland",5112,Stocks,1140,Rabbits and hares,1996,1996,1000 Head,155000,F,FAO estimate
QA,Live Animals,41,"China, mainland",5112,Stocks,1140,Rabbits and hares,1997,1997,1000 Head,160000,F,FAO estimate
QA,Live Animals,41,"China, mainland",5112,Stocks,1140,Rabbits and hares,1998,1998,1000 Head,168000,F,FAO estimate
QA,Live Animals,41,"China, mainland",5112,Stocks,1140,Rabbits and hares,1999,1999,1000 Head,175000,F,FAO estimate
QA,Live Animals,41,"China, mainland",5112,Stocks,1140,Rabbits and hares,2000,2000,1000 Head,185000,F,FAO estimate
QA,Live Animals,41,"China, mainland",5112,Stocks,1140,Rabbits and hares,2001,2001,1000 Head,190000,F,FAO estimate
QA,Live Animals,41,"China, mainland",5112,Stocks,1140,Rabbits and hares,2002,2002,1000 Head,191247,,Official data
QA,Live Animals,41,"China, mainland",5112,Stocks,1140,Rabbits and hares,2003,2003,1000 Head,194221,,Official data
QA,Live Animals,41,"China, mainland",5112,Stocks,1140,Rabbits and hares,2004,2004,1000 Head,196609,,Official data
QA,Live Animals,41,"China, mainland",5112,Stocks,1140,Rabbits and hares,2005,2005,1000 Head,202161,,Official data
QA,Live Animals,41,"China, mainland",5112,Stocks,1140,Rabbits and hares,2006,2006,1000 Head,217641,,Official data
QA,Live Animals,41,"China, mainland",5112,Stocks,1140,Rabbits and hares,2007,2007,1000 Head,213149,,Official data
QA,Live Animals,41,"China, mainland",5112,Stocks,1140,Rabbits and hares,2008,2008,1000 Head,202000,*,Unofficial figure
QA,Live Animals,41,"China, mainland",5112,Stocks,1140,Rabbits and hares,2009,2009,1000 Head,210000,*,Unofficial figure
QA,Live Animals,41,"China, mainland",5112,Stocks,1140,Rabbits and hares,2010,2010,1000 Head,218000,F,FAO estimate
QA,Live Animals,41,"China, mainland",5112,Stocks,1140,Rabbits and hares,2011,2011,1000 Head,220000,F,FAO estimate
QA,Live Animals,41,"China, mainland",5112,Stocks,1140,Rabbits and hares,2012,2012,1000 Head,225000,F,FAO estimate
QA,Live Animals,41,"China, mainland",5112,Stocks,1140,Rabbits and hares,2013,2013,1000 Head,223453,,Official data
QA,Live Animals,41,"China, mainland",5112,Stocks,1140,Rabbits and hares,2014,2014,1000 Head,222746,,Official data
QA,Live Animals,41,"China, mainland",5112,Stocks,1140,Rabbits and hares,2015,2015,1000 Head,216034,,Official data
QA,Live Animals,41,"China, mainland",5112,Stocks,1140,Rabbits and hares,2016,2016,1000 Head,217216,Im,FAO data based on imputation methodology
QA,Live Animals,41,"China, mainland",5112,Stocks,1140,Rabbits and hares,2017,2017,1000 Head,230139,Im,FAO data based on imputation methodology
QA,Live Animals,41,"China, mainland",5111,Stocks,976,Sheep,1961,1961,Head,61640000,,Official data
QA,Live Animals,41,"China, mainland",5111,Stocks,976,Sheep,1962,1962,Head,60750000,,Official data
QA,Live Animals,41,"China, mainland",5111,Stocks,976,Sheep,1963,1963,Head,64120000,,Official data
QA,Live Animals,41,"China, mainland",5111,Stocks,976,Sheep,1964,1964,Head,69740000,,Official data
QA,Live Animals,41,"China, mainland",5111,Stocks,976,Sheep,1965,1965,Head,74450000,,Official data
QA,Live Animals,41,"China, mainland",5111,Stocks,976,Sheep,1966,1966,Head,78260000,,Official data
QA,Live Animals,41,"China, mainland",5111,Stocks,976,Sheep,1967,1967,Head,77780000,*,Unofficial figure
QA,Live Animals,41,"China, mainland",5111,Stocks,976,Sheep,1968,1968,Head,82330000,*,Unofficial figure
QA,Live Animals,41,"China, mainland",5111,Stocks,976,Sheep,1969,1969,Head,82210000,*,Unofficial figure
QA,Live Animals,41,"China, mainland",5111,Stocks,976,Sheep,1970,1970,Head,79710000,*,Unofficial figure
QA,Live Animals,41,"China, mainland",5111,Stocks,976,Sheep,1971,1971,Head,85630000,,Official data
QA,Live Animals,41,"China, mainland",5111,Stocks,976,Sheep,1972,1972,Head,87330000,,Official data
QA,Live Animals,41,"China, mainland",5111,Stocks,976,Sheep,1973,1973,Head,87980000,,Official data
QA,Live Animals,41,"China, mainland",5111,Stocks,976,Sheep,1974,1974,Head,93180000,,Official data
QA,Live Animals,41,"China, mainland",5111,Stocks,976,Sheep,1975,1975,Head,94700000,,Official data
QA,Live Animals,41,"China, mainland",5111,Stocks,976,Sheep,1976,1976,Head,95330000,,Official data
QA,Live Animals,41,"China, mainland",5111,Stocks,976,Sheep,1977,1977,Head,92705008,,Official data
QA,Live Animals,41,"China, mainland",5111,Stocks,976,Sheep,1978,1978,Head,93532000,,Official data
QA,Live Animals,41,"China, mainland",5111,Stocks,976,Sheep,1979,1979,Head,96397008,,Official data
QA,Live Animals,41,"China, mainland",5111,Stocks,976,Sheep,1980,1980,Head,102568000,,Official data
QA,Live Animals,41,"China, mainland",5111,Stocks,976,Sheep,1981,1981,Head,106627008,,Official data
QA,Live Animals,41,"China, mainland",5111,Stocks,976,Sheep,1982,1982,Head,109470000,,Official data
QA,Live Animals,41,"China, mainland",5111,Stocks,976,Sheep,1983,1983,Head,106570000,,Official data
QA,Live Animals,41,"China, mainland",5111,Stocks,976,Sheep,1984,1984,Head,98920000,,Official data
QA,Live Animals,41,"China, mainland",5111,Stocks,976,Sheep,1985,1985,Head,95193008,,Official data
QA,Live Animals,41,"China, mainland",5111,Stocks,976,Sheep,1986,1986,Head,94210000,,Official data
QA,Live Animals,41,"China, mainland",5111,Stocks,976,Sheep,1987,1987,Head,99009008,,Official data
QA,Live Animals,41,"China, mainland",5111,Stocks,976,Sheep,1988,1988,Head,101628500,*,Unofficial figure
QA,Live Animals,41,"China, mainland",5111,Stocks,976,Sheep,1989,1989,Head,109465300,*,Unofficial figure
QA,Live Animals,41,"China, mainland",5111,Stocks,976,Sheep,1990,1990,Head,111238000,*,Unofficial figure
QA,Live Animals,41,"China, mainland",5111,Stocks,976,Sheep,1991,1991,Head,112816000,,Official data
QA,Live Animals,41,"China, mainland",5111,Stocks,976,Sheep,1992,1992,Head,110855000,,Official data
QA,Live Animals,41,"China, mainland",5111,Stocks,976,Sheep,1993,1993,Head,109719000,,Official data
QA,Live Animals,41,"China, mainland",5111,Stocks,976,Sheep,1994,1994,Head,111618000,,Official data
QA,Live Animals,41,"China, mainland",5111,Stocks,976,Sheep,1995,1995,Head,117444300,,Official data
QA,Live Animals,41,"China, mainland",5111,Stocks,976,Sheep,1996,1996,Head,127263100,,Official data
QA,Live Animals,41,"China, mainland",5111,Stocks,976,Sheep,1997,1997,Head,114125000,,Official data
QA,Live Animals,41,"China, mainland",5111,Stocks,976,Sheep,1998,1998,Head,120956000,,Official data
QA,Live Animals,41,"China, mainland",5111,Stocks,976,Sheep,1999,1999,Head,127352000,,Official data
QA,Live Animals,41,"China, mainland",5111,Stocks,976,Sheep,2000,2000,Head,131095000,,Official data
QA,Live Animals,41,"China, mainland",5111,Stocks,976,Sheep,2001,2001,Head,130026000,,Official data
QA,Live Animals,41,"China, mainland",5111,Stocks,976,Sheep,2002,2002,Head,130628000,,Official data
QA,Live Animals,41,"China, mainland",5111,Stocks,976,Sheep,2003,2003,Head,133997000,,Official data
QA,Live Animals,41,"China, mainland",5111,Stocks,976,Sheep,2004,2004,Head,143395000,,Official data
QA,Live Animals,41,"China, mainland",5111,Stocks,976,Sheep,2005,2005,Head,152305000,,Official data
QA,Live Animals,41,"China, mainland",5111,Stocks,976,Sheep,2006,2006,Head,151337000,,Official data
QA,Live Animals,41,"China, mainland",5111,Stocks,976,Sheep,2007,2007,Head,146018000,,Official data
QA,Live Animals,41,"China, mainland",5111,Stocks,976,Sheep,2008,2008,Head,142282000,,Official data
QA,Live Animals,41,"China, mainland",5111,Stocks,976,Sheep,2009,2009,Head,128557000,,Official data
QA,Live Animals,41,"China, mainland",5111,Stocks,976,Sheep,2010,2010,Head,134021000,,Official data
QA,Live Animals,41,"China, mainland",5111,Stocks,976,Sheep,2011,2011,Head,138840000,,Official data
QA,Live Animals,41,"China, mainland",5111,Stocks,976,Sheep,2012,2012,Head,139615500,,Official data
QA,Live Animals,41,"China, mainland",5111,Stocks,976,Sheep,2013,2013,Head,143679800,,Official data
QA,Live Animals,41,"China, mainland",5111,Stocks,976,Sheep,2014,2014,Head,150017200,,Official data
QA,Live Animals,41,"China, mainland",5111,Stocks,976,Sheep,2015,2015,Head,158490000,,Official data
QA,Live Animals,41,"China, mainland",5111,Stocks,976,Sheep,2016,2016,Head,162062500,,Official data
QA,Live Animals,41,"China, mainland",5111,Stocks,976,Sheep,2017,2017,Head,161350800,,Official data
